datetime,temperature,humidity,wind,rain
2017-01-01 00:00:00,5.3,86,3,0.0
2017-01-01 03:00:00,4.3,89,2,0.0
2017-01-01 06:00:00,2.6,92,2,0.0
2017-01-01 09:00:00,3.4,95,1,0.0
2017-01-01 12:00:00,10.7,38,2,0.0
2017-01-01 15:00:00,13.1,51,2,0.0
2017-01-01 18:00:00,10.0,63,1,0.0
2017-01-01 21:00:00,4.6,88,2,0.0
2017-01-02 00:00:00,-2.2,36,2,0.0
2017-01-02 03:00:00,1.1,27,7,0.0
2017-01-02 06:00:00,0.8,29,8,0.0
2017-01-02 09:00:00,0.4,29,3,0.0
2017-01-02 12:00:00,5.0,21,3,0.0
2017-01-02 15:00:00,8.6,14,1,0.0
2017-01-02 18:00:00,7.6,17,4,0.0
2017-01-02 21:00:00,0.3,35,3,0.0
2017-01-03 00:00:00,14.8,33,5,0.005
2017-01-03 03:00:00,16.4,41,4,0.01
2017-01-03 06:00:00,16.8,28,6,0.01
2017-01-03 09:00:00,18.9,23,8,0.01
2017-01-03 12:00:00,22.2,24,3,0.005
2017-01-03 15:00:00,20.3,31,5,0.0
2017-01-03 18:00:00,20.2,29,3,0.0
2017-01-03 21:00:00,14.6,45,2,0.0
2017-01-04 00:00:00,12.9,81,4,0.0
2017-01-04 03:00:00,11.3,81,3,0.0
2017-01-04 06:00:00,9.8,93,1,0.0
2017-01-04 09:00:00,16.9,55,5,0.0
2017-01-04 12:00:00,20.5,41,2,1.0
2017-01-04 15:00:00,17.9,59,6,2.0
2017-01-04 18:00:00,17.5,64,5,3.0
2017-01-04 21:00:00,13.9,81,2,4.0
2017-01-05 00:00:00,21.4,40,2,2.0
2017-01-05 03:00:00,21.1,39,3,0.0
2017-01-05 06:00:00,21.1,61,3,0.0
2017-01-05 09:00:00,23.4,49,2,0.0
2017-01-05 12:00:00,22.4,75,1,0.0
2017-01-05 15:00:00,22.7,64,4,0.0
2017-01-05 18:00:00,23.6,48,4,0.0
2017-01-05 21:00:00,20.0,61,1,0.0
2017-01-06 00:00:00,18.2,93,1,0.0
2017-01-06 03:00:00,15.3,96,3,0.0
2017-01-06 06:00:00,15.7,97,2,0.0
2017-01-06 09:00:00,21.3,76,0,0.0
2017-01-06 12:00:00,25.3,54,2,0.0
2017-01-06 15:00:00,28.4,43,4,0.0
2017-01-06 18:00:00,25.0,49,6,0.0
2017-01-06 21:00:00,21.2,71,2,0.0
2017-01-07 00:00:00,25.6,90,2,0.0
2017-01-07 03:00:00,23.6,100,1,0.0
2017-01-07 06:00:00,22.0,99,1,0.0
2017-01-07 09:00:00,37.1,13,8,0.0
2017-01-07 12:00:00,40.7,11,10,0.0
2017-01-07 15:00:00,43.1,10,7,0.0
2017-01-07 18:00:00,38.1,28,5,0.0
2017-01-07 21:00:00,33.0,39,3,0.0
2017-01-08 00:00:00,27.2,79,1,0.0
2017-01-08 03:00:00,24.5,83,2,0.0
2017-01-08 06:00:00,23.3,88,3,0.0
2017-01-08 09:00:00,29.8,68,2,0.0
2017-01-08 12:00:00,34.0,51,2,0.0
2017-01-08 15:00:00,36.9,45,4,0.0
2017-01-08 18:00:00,34.0,48,5,0.0
2017-01-08 21:00:00,28.6,77,4,0.0
2017-01-09 00:00:00,26.3,77,0,0.0
2017-01-09 03:00:00,24.3,82,1,0.0
2017-01-09 06:00:00,22.2,89,2,0.0
2017-01-09 09:00:00,28.0,73,0,0.0
2017-01-09 12:00:00,32.4,48,4,0.0
2017-01-09 15:00:00,34.4,9,4,0.0
2017-01-09 18:00:00,31.9,49,5,0.0
2017-01-09 21:00:00,27.4,71,2,0.0
2017-01-10 00:00:00,19.7,84,2,0.0
2017-01-10 03:00:00,17.3,85,2,0.0
2017-01-10 06:00:00,18.6,78,1,0.0
2017-01-10 09:00:00,23.8,62,4,0.0
2017-01-10 12:00:00,27.2,55,2,0.0
2017-01-10 15:00:00,29.4,40,7,0.0
2017-01-10 18:00:00,26.2,56,8,0.0
2017-01-10 21:00:00,23.4,68,3,0.0
2017-01-11 00:00:00,14.0,70,3,0.0
2017-01-11 03:00:00,14.3,57,3,0.0
2017-01-11 06:00:00,12.8,54,4,0.0
2017-01-11 09:00:00,15.2,47,4,0.0
2017-01-11 12:00:00,21.2,32,3,0.0
2017-01-11 15:00:00,22.8,29,1,0.0
2017-01-11 18:00:00,18.8,47,3,0.0
2017-01-11 21:00:00,16.7,57,2,0.0
2017-01-12 00:00:00,10.4,97,2,0.0
2017-01-12 03:00:00,9.6,96,0,0.0
2017-01-12 06:00:00,9.8,95,2,0.0
2017-01-12 09:00:00,11.0,92,2,0.0
2017-01-12 12:00:00,18.2,61,3,0.0
2017-01-12 15:00:00,20.0,50,2,0.0
2017-01-12 18:00:00,14.9,65,2,0.0
2017-01-12 21:00:00,10.4,82,3,0.0
2017-01-13 00:00:00,8.2,83,3,0.0
2017-01-13 03:00:00,8.1,81,3,0.0
2017-01-13 06:00:00,7.6,84,4,1.5
2017-01-13 09:00:00,6.5,70,5,3.0
2017-01-13 12:00:00,12.1,37,6,1.5
2017-01-13 15:00:00,13.8,30,2,0.0
2017-01-13 18:00:00,9.3,50,4,0.0
2017-01-13 21:00:00,5.1,66,2,0.0
2017-01-14 00:00:00,4.9,57,1,0.0
2017-01-14 03:00:00,1.7,74,3,0.0
2017-01-14 06:00:00,2.3,64,1,0.0
2017-01-14 09:00:00,4.9,48,3,0.0
2017-01-14 12:00:00,8.6,40,5,0.0
2017-01-14 15:00:00,11.0,39,6,0.0
2017-01-14 18:00:00,9.2,47,5,0.0
2017-01-14 21:00:00,7.7,51,2,0.0
2017-01-15 00:00:00,7.2,50,4,0.0
2017-01-15 03:00:00,4.5,67,1,0.0
2017-01-15 06:00:00,2.6,74,3,0.0
2017-01-15 09:00:00,3.5,73,2,0.0
2017-01-15 12:00:00,12.8,33,4,0.0
2017-01-15 15:00:00,14.5,31,1,0.0
2017-01-15 18:00:00,11.8,45,2,0.0
2017-01-15 21:00:00,4.3,84,4,0.0
2017-01-16 00:00:00,3.3,82,2,0.0
2017-01-16 03:00:00,3.5,82,3,0.0
2017-01-16 06:00:00,5.4,67,2,0.0
2017-01-16 09:00:00,6.5,63,2,0.0
2017-01-16 12:00:00,12.9,42,4,0.0
2017-01-16 15:00:00,14.4,37,1,0.0
2017-01-16 18:00:00,11.1,61,1,0.0
2017-01-16 21:00:00,7.3,77,3,0.0
2017-01-17 00:00:00,5.7,81,3,0.0
2017-01-17 03:00:00,7.1,66,3,0.0
2017-01-17 06:00:00,6.3,68,1,0.0
2017-01-17 09:00:00,9.7,51,3,0.0
2017-01-17 12:00:00,13.2,41,6,0.0
2017-01-17 15:00:00,16.0,36,6,0.0
2017-01-17 18:00:00,11.6,52,2,0.0
2017-01-17 21:00:00,9.3,59,3,0.0
2017-01-18 00:00:00,9.2,53,3,0.0
2017-01-18 03:00:00,9.7,48,2,0.0
2017-01-18 06:00:00,9.9,47,3,0.0
2017-01-18 09:00:00,7.4,60,2,0.0
2017-01-18 12:00:00,15.3,41,5,0.0
2017-01-18 15:00:00,17.9,35,3,0.0
2017-01-18 18:00:00,15.2,49,2,0.0
2017-01-18 21:00:00,8.7,77,1,0.0
2017-01-19 00:00:00,5.5,90,3,0.0
2017-01-19 03:00:00,6.1,87,3,0.0
2017-01-19 06:00:00,4.2,81,2,0.0
2017-01-19 09:00:00,4.7,84,2,0.0
2017-01-19 12:00:00,14.6,45,1,0.0
2017-01-19 15:00:00,17.1,34,1,0.0
2017-01-19 18:00:00,13.1,51,3,0.0
2017-01-19 21:00:00,8.0,71,2,0.0
2017-01-20 00:00:00,3.9,86,3,0.0
2017-01-20 03:00:00,6.4,67,2,0.0
2017-01-20 06:00:00,4.7,73,1,0.0
2017-01-20 09:00:00,8.1,51,2,0.0
2017-01-20 12:00:00,13.7,41,5,0.0
2017-01-20 15:00:00,16.2,39,2,0.0
2017-01-20 18:00:00,13.5,63,2,0.0
2017-01-20 21:00:00,7.2,70,2,0.0
2017-01-21 00:00:00,7.5,54,5,0.0
2017-01-21 03:00:00,8.3,48,6,0.0
2017-01-21 06:00:00,7.2,50,6,0.0
2017-01-21 09:00:00,7.7,46,2,0.0
2017-01-21 12:00:00,13.6,27,5,0.0
2017-01-21 15:00:00,15.7,19,6,0.0
2017-01-21 18:00:00,12.1,28,4,0.0
2017-01-21 21:00:00,7.3,35,4,0.0
2017-01-22 00:00:00,5.8,34,1,0.0
2017-01-22 03:00:00,3.6,39,6,0.0
2017-01-22 06:00:00,3.5,36,2,0.0
2017-01-22 09:00:00,3.6,46,2,0.0
2017-01-22 12:00:00,11.3,23,2,0.0
2017-01-22 15:00:00,14.0,25,3,0.0
2017-01-22 18:00:00,11.3,45,3,0.0
2017-01-22 21:00:00,3.5,72,3,0.0
2017-01-23 00:00:00,2.4,75,2,0.0
2017-01-23 03:00:00,3.1,49,1,0.0
2017-01-23 06:00:00,-0.4,61,2,0.0
2017-01-23 09:00:00,2.0,63,1,0.0
2017-01-23 12:00:00,13.4,21,4,0.0
2017-01-23 15:00:00,15.9,18,3,0.0
2017-01-23 18:00:00,13.7,23,2,0.0
2017-01-23 21:00:00,3.9,61,3,0.0
2017-01-24 00:00:00,4.1,52,1,0.0
2017-01-24 03:00:00,3.1,58,2,0.0
2017-01-24 06:00:00,3.3,54,2,0.0
2017-01-24 09:00:00,4.0,61,1,0.0
2017-01-24 12:00:00,15.1,14,6,0.0
2017-01-24 15:00:00,15.4,21,3,0.0
2017-01-24 18:00:00,13.2,34,3,0.0
2017-01-24 21:00:00,11.4,34,4,0.0
2017-01-25 00:00:00,11.7,32,5,0.0
2017-01-25 03:00:00,11.6,28,8,0.0
2017-01-25 06:00:00,12.2,30,8,0.0
2017-01-25 09:00:00,12.6,31,9,0.0
2017-01-25 12:00:00,16.5,27,8,0.0
2017-01-25 15:00:00,17.4,27,6,0.0
2017-01-25 18:00:00,12.8,51,5,0.0
2017-01-25 21:00:00,10.9,54,6,0.0
2017-01-26 00:00:00,8.6,61,4,0.0
2017-01-26 03:00:00,8.0,64,4,0.0
2017-01-26 06:00:00,8.5,63,5,0.0
2017-01-26 09:00:00,9.8,62,4,0.0
2017-01-26 12:00:00,13.0,65,4,0.0
2017-01-26 15:00:00,14.0,62,0,0.0
2017-01-26 18:00:00,10.6,74,4,0.005
2017-01-26 21:00:00,9.1,30,6,0.01
2017-01-27 00:00:00,8.5,50,4,0.005
2017-01-27 03:00:00,7.9,50,3,0.0
2017-01-27 06:00:00,8.1,38,6,0.0
2017-01-27 09:00:00,7.3,43,2,0.0
2017-01-27 12:00:00,8.8,38,6,0.0
2017-01-27 15:00:00,8.2,37,8,0.0
2017-01-27 18:00:00,7.6,25,8,0.0
2017-01-27 21:00:00,3.2,37,5,0.0
2017-01-28 00:00:00,4.0,30,7,0.0
2017-01-28 03:00:00,3.1,30,5,0.0
2017-01-28 06:00:00,-2.9,52,3,0.0
2017-01-28 09:00:00,2.8,31,2,0.0
2017-01-28 12:00:00,8.2,20,6,0.0
2017-01-28 15:00:00,9.2,18,8,0.0
2017-01-28 18:00:00,5.8,25,8,0.0
2017-01-28 21:00:00,1.9,34,4,0.0
2017-01-29 00:00:00,-0.7,43,5,0.0
2017-01-29 03:00:00,-1.0,58,5,0.0
2017-01-29 06:00:00,-1.3,63,1,0.0
2017-01-29 09:00:00,2.0,95,4,0.0
2017-01-29 12:00:00,8.3,24,6,0.0
2017-01-29 15:00:00,10.4,30,3,0.0
2017-01-29 18:00:00,7.7,41,3,0.0
2017-01-29 21:00:00,1.3,62,4,0.0
2017-01-30 00:00:00,-0.6,73,4,0.0
2017-01-30 03:00:00,0.1,58,5,0.0
2017-01-30 06:00:00,1.0,49,3,0.0
2017-01-30 09:00:00,3.7,41,2,0.0
2017-01-30 12:00:00,8.8,29,7,0.0
2017-01-30 15:00:00,11.0,27,4,0.0
2017-01-30 18:00:00,8.8,31,2,0.0
2017-01-30 21:00:00,4.2,46,5,0.0
2017-01-31 00:00:00,3.2,46,4,0.0
2017-01-31 03:00:00,1.9,54,2,0.0
2017-01-31 06:00:00,2.2,47,3,0.0
2017-01-31 09:00:00,3.3,35,8,0.0
2017-01-31 12:00:00,6.8,23,10,0.0
2017-01-31 15:00:00,5.1,14,12,0.0
2017-01-31 18:00:00,2.9,20,11,0.0
2017-01-31 21:00:00,0.9,24,9,0.0
2017-02-01 00:00:00,6.5,77,4,0.0
2017-02-01 03:00:00,7.0,70,4,0.0
2017-02-01 06:00:00,6.4,82,1,1.0
2017-02-01 09:00:00,6.7,81,3,2.0
2017-02-01 12:00:00,8.2,75,4,3.5
2017-02-01 15:00:00,7.9,90,3,5.0
2017-02-01 18:00:00,7.9,90,3,8.0
2017-02-01 21:00:00,7.3,88,4,11.0
2017-02-02 00:00:00,-2.3,41,4,5.5
2017-02-02 03:00:00,-2.4,41,2,0.0
2017-02-02 06:00:00,-3.9,49,3,0.0
2017-02-02 09:00:00,0.1,38,1,0.0
2017-02-02 12:00:00,9.8,21,3,0.0
2017-02-02 15:00:00,12.3,19,2,0.0
2017-02-02 18:00:00,10.7,38,5,0.0
2017-02-02 21:00:00,3.1,59,3,0.0
2017-02-03 00:00:00,15.8,41,4,0.0
2017-02-03 03:00:00,16.0,47,5,0.0
2017-02-03 06:00:00,15.4,46,4,0.0
2017-02-03 09:00:00,15.0,53,1,0.0
2017-02-03 12:00:00,19.3,37,1,0.0
2017-02-03 15:00:00,20.8,34,4,0.0
2017-02-03 18:00:00,18.6,52,4,0.0
2017-02-03 21:00:00,16.2,60,3,0.0
2017-02-04 00:00:00,10.5,97,2,0.0
2017-02-04 03:00:00,8.7,99,2,0.0
2017-02-04 06:00:00,8.2,100,3,0.0
2017-02-04 09:00:00,13.9,81,2,0.0
2017-02-04 12:00:00,18.9,55,1,0.0
2017-02-04 15:00:00,20.4,52,5,0.0
2017-02-04 18:00:00,18.2,57,4,0.2
2017-02-04 21:00:00,14.9,85,2,0.4
2017-02-05 00:00:00,16.6,77,2,0.2
2017-02-05 03:00:00,12.9,85,3,0.0
2017-02-05 06:00:00,12.2,88,4,0.0
2017-02-05 09:00:00,17.6,99,2,0.0
2017-02-05 12:00:00,24.5,56,4,0.0
2017-02-05 15:00:00,26.3,45,6,0.0
2017-02-05 18:00:00,18.8,63,7,0.05
2017-02-05 21:00:00,17.1,76,2,0.1
2017-02-06 00:00:00,18.9,89,2,0.05
2017-02-06 03:00:00,17.1,97,3,0.0
2017-02-06 06:00:00,16.0,99,2,0.0
2017-02-06 09:00:00,22.8,74,2,0.0
2017-02-06 12:00:00,26.6,54,3,0.0
2017-02-06 15:00:00,29.8,46,6,0.0
2017-02-06 18:00:00,28.5,42,6,0.0
2017-02-06 21:00:00,22.8,69,3,0.0
2017-02-07 00:00:00,28.3,39,4,0.0
2017-02-07 03:00:00,26.4,51,4,0.0
2017-02-07 06:00:00,23.7,59,2,0.0
2017-02-07 09:00:00,34.5,33,1,0.0
2017-02-07 12:00:00,41.9,15,3,0.0
2017-02-07 15:00:00,43.5,16,7,0.0
2017-02-07 18:00:00,41.0,21,7,0.0
2017-02-07 21:00:00,31.6,48,3,0.0
2017-02-08 00:00:00,27.5,82,2,0.0
2017-02-08 03:00:00,25.9,84,2,0.0
2017-02-08 06:00:00,24.7,88,2,0.0
2017-02-08 09:00:00,28.7,72,3,0.0
2017-02-08 12:00:00,33.3,51,4,0.0
2017-02-08 15:00:00,35.1,45,6,0.0
2017-02-08 18:00:00,32.9,53,3,0.0
2017-02-08 21:00:00,28.6,70,4,0.0
2017-02-09 00:00:00,24.5,81,3,0.0
2017-02-09 03:00:00,23.3,83,3,0.0
2017-02-09 06:00:00,23.0,87,2,0.0
2017-02-09 09:00:00,28.1,73,1,0.0
2017-02-09 12:00:00,32.5,48,2,0.0
2017-02-09 15:00:00,36.0,29,0,0.0
2017-02-09 18:00:00,32.5,53,6,0.0
2017-02-09 21:00:00,27.0,72,2,0.0
2017-02-10 00:00:00,22.6,70,4,0.005
2017-02-10 03:00:00,19.4,74,5,0.01
2017-02-10 06:00:00,18.4,83,3,0.005
2017-02-10 09:00:00,23.4,61,4,0.0
2017-02-10 12:00:00,28.1,39,2,0.0
2017-02-10 15:00:00,29.7,32,2,0.0
2017-02-10 18:00:00,28.3,45,4,0.0
2017-02-10 21:00:00,23.6,59,1,0.0
2017-02-11 00:00:00,16.1,40,3,0.0
2017-02-11 03:00:00,14.3,45,4,0.0
2017-02-11 06:00:00,13.8,41,3,0.0
2017-02-11 09:00:00,16.4,41,4,0.0
2017-02-11 12:00:00,21.8,27,5,0.0
2017-02-11 15:00:00,23.2,28,3,0.0
2017-02-11 18:00:00,19.3,52,2,0.0
2017-02-11 21:00:00,16.5,55,0,0.0
2017-02-12 00:00:00,8.8,89,2,0.0
2017-02-12 03:00:00,8.4,86,1,0.0
2017-02-12 06:00:00,8.6,86,2,0.0
2017-02-12 09:00:00,9.8,89,1,0.0
2017-02-12 12:00:00,17.7,50,1,0.0
2017-02-12 15:00:00,20.3,46,1,0.0
2017-02-12 18:00:00,16.3,62,0,0.0
2017-02-12 21:00:00,9.4,88,3,0.0
2017-02-13 00:00:00,9.9,33,7,0.0
2017-02-13 03:00:00,8.1,35,7,0.0
2017-02-13 06:00:00,7.7,32,5,0.0
2017-02-13 09:00:00,7.0,31,5,0.0
2017-02-13 12:00:00,12.7,15,6,0.0
2017-02-13 15:00:00,14.8,15,5,0.0
2017-02-13 18:00:00,11.6,20,5,0.0
2017-02-13 21:00:00,7.5,25,6,0.0
2017-02-14 00:00:00,7.0,25,5,0.0
2017-02-14 03:00:00,7.1,25,6,0.0
2017-02-14 06:00:00,6.6,27,7,0.0
2017-02-14 09:00:00,5.6,31,6,0.0
2017-02-14 12:00:00,10.8,20,7,0.0
2017-02-14 15:00:00,12.3,19,5,0.0
2017-02-14 18:00:00,10.6,21,7,0.0
2017-02-14 21:00:00,5.4,30,3,0.0
2017-02-15 00:00:00,6.0,29,10,0.0
2017-02-15 03:00:00,4.6,28,5,0.0
2017-02-15 06:00:00,2.7,32,4,0.0
2017-02-15 09:00:00,4.7,28,4,0.0
2017-02-15 12:00:00,10.1,20,6,0.0
2017-02-15 15:00:00,12.0,19,8,0.0
2017-02-15 18:00:00,8.9,25,5,0.0
2017-02-15 21:00:00,4.6,36,4,0.0
2017-02-16 00:00:00,5.3,33,5,0.0
2017-02-16 03:00:00,3.8,33,3,0.0
2017-02-16 06:00:00,3.0,33,5,0.0
2017-02-16 09:00:00,7.0,27,12,0.0
2017-02-16 12:00:00,9.9,21,11,0.0
2017-02-16 15:00:00,11.7,15,10,0.0
2017-02-16 18:00:00,9.4,21,9,0.0
2017-02-16 21:00:00,6.4,28,10,0.0
2017-02-17 00:00:00,5.2,30,7,0.0
2017-02-17 03:00:00,3.9,33,5,0.0
2017-02-17 06:00:00,4.1,33,6,0.0
2017-02-17 09:00:00,6.5,30,5,0.0
2017-02-17 12:00:00,10.8,21,5,0.0
2017-02-17 15:00:00,13.2,18,1,0.0
2017-02-17 18:00:00,11.8,33,5,0.0
2017-02-17 21:00:00,7.3,53,3,0.0
2017-02-18 00:00:00,2.5,65,4,0.0
2017-02-18 03:00:00,0.1,70,2,0.0
2017-02-18 06:00:00,1.4,57,2,0.0
2017-02-18 09:00:00,5.4,1,2,0.0
2017-02-18 12:00:00,13.0,32,2,0.0
2017-02-18 15:00:00,14.8,32,2,0.0
2017-02-18 18:00:00,13.4,44,4,0.0
2017-02-18 21:00:00,8.8,63,1,0.0
2017-02-19 00:00:00,3.5,78,2,0.0
2017-02-19 03:00:00,4.0,72,2,0.0
2017-02-19 06:00:00,3.2,71,1,0.0
2017-02-19 09:00:00,6.1,18,1,0.0
2017-02-19 12:00:00,14.0,32,3,0.0
2017-02-19 15:00:00,16.3,20,2,0.0
2017-02-19 18:00:00,15.6,19,2,0.0
2017-02-19 21:00:00,5.4,51,4,0.0
2017-02-20 00:00:00,3.0,60,2,0.0
2017-02-20 03:00:00,2.1,60,2,0.0
2017-02-20 06:00:00,2.1,62,2,0.0
2017-02-20 09:00:00,5.3,55,2,0.0
2017-02-20 12:00:00,15.5,21,4,0.0
2017-02-20 15:00:00,18.0,17,3,0.0
2017-02-20 18:00:00,16.3,26,4,0.0
2017-02-20 21:00:00,10.4,45,2,0.0
2017-02-21 00:00:00,2.3,63,3,0.0
2017-02-21 03:00:00,2.2,59,1,0.0
2017-02-21 06:00:00,3.1,55,0,0.0
2017-02-21 09:00:00,7.2,51,2,0.0
2017-02-21 12:00:00,15.1,28,2,0.0
2017-02-21 15:00:00,17.9,23,4,0.0
2017-02-21 18:00:00,15.7,38,5,0.0
2017-02-21 21:00:00,10.4,58,1,0.0
2017-02-22 00:00:00,5.3,72,4,0.0
2017-02-22 03:00:00,4.3,77,2,0.0
2017-02-22 06:00:00,4.8,73,2,0.0
2017-02-22 09:00:00,6.8,71,2,0.0
2017-02-22 12:00:00,15.6,38,1,0.0
2017-02-22 15:00:00,19.0,26,3,0.0
2017-02-22 18:00:00,16.5,43,3,0.0
2017-02-22 21:00:00,12.8,66,1,0.0
2017-02-23 00:00:00,7.1,73,3,0.0
2017-02-23 03:00:00,5.4,89,2,0.0
2017-02-23 06:00:00,3.9,85,3,0.0
2017-02-23 09:00:00,9.1,69,2,0.0
2017-02-23 12:00:00,17.1,51,2,0.0
2017-02-23 15:00:00,20.2,38,4,0.0
2017-02-23 18:00:00,16.9,60,4,0.0
2017-02-23 21:00:00,12.8,83,2,0.0
2017-02-24 00:00:00,7.3,92,3,0.0
2017-02-24 03:00:00,7.6,99,3,0.0
2017-02-24 06:00:00,9.1,95,1,0.0
2017-02-24 09:00:00,12.7,84,2,0.0
2017-02-24 12:00:00,17.9,56,3,0.0
2017-02-24 15:00:00,19.7,38,5,0.0
2017-02-24 18:00:00,17.2,41,6,0.0
2017-02-24 21:00:00,12.5,73,1,0.0
2017-02-25 00:00:00,7.6,84,4,0.0
2017-02-25 03:00:00,8.3,93,3,0.0
2017-02-25 06:00:00,9.0,89,2,0.0
2017-02-25 09:00:00,12.3,79,2,0.0
2017-02-25 12:00:00,17.0,51,1,0.0
2017-02-25 15:00:00,18.9,45,1,0.0
2017-02-25 18:00:00,19.0,41,1,0.0
2017-02-25 21:00:00,13.5,72,2,0.0
2017-02-26 00:00:00,7.6,83,3,0.0
2017-02-26 03:00:00,6.7,91,3,0.0
2017-02-26 06:00:00,5.7,84,2,0.0
2017-02-26 09:00:00,10.4,71,1,0.0
2017-02-26 12:00:00,17.6,48,2,0.0
2017-02-26 15:00:00,19.2,71,3,0.0
2017-02-26 18:00:00,18.4,48,4,0.0
2017-02-26 21:00:00,13.7,66,1,0.0
2017-02-27 00:00:00,8.4,79,3,0.0
2017-02-27 03:00:00,7.1,83,3,0.0
2017-02-27 06:00:00,5.9,84,2,0.0
2017-02-27 09:00:00,10.3,73,2,0.0
2017-02-27 12:00:00,19.7,34,3,0.0
2017-02-27 15:00:00,21.9,18,2,0.0
2017-02-27 18:00:00,19.5,28,2,0.0
2017-02-27 21:00:00,13.2,51,2,0.0
2017-02-28 00:00:00,12.5,42,3,0.0
2017-02-28 03:00:00,11.3,47,3,0.0
2017-02-28 06:00:00,13.3,38,2,0.0
2017-02-28 09:00:00,13.5,47,1,0.0
2017-02-28 12:00:00,23.7,22,8,0.0
2017-02-28 15:00:00,26.3,12,7,0.0
2017-02-28 18:00:00,22.6,19,2,0.0
2017-02-28 21:00:00,16.9,33,1,0.0
2017-03-01 00:00:00,7.5,83,3,0.1
2017-03-01 03:00:00,7.2,85,3,0.2
2017-03-01 06:00:00,6.6,87,2,0.2
2017-03-01 09:00:00,6.1,91,3,0.2
2017-03-01 12:00:00,11.3,71,3,0.1
2017-03-01 15:00:00,11.6,61,1,0.0
2017-03-01 18:00:00,9.9,70,2,0.0
2017-03-01 21:00:00,5.7,91,1,0.0
2017-03-02 00:00:00,-0.6,76,4,0.0
2017-03-02 03:00:00,-0.8,69,2,0.0
2017-03-02 06:00:00,-0.5,68,2,0.0
2017-03-02 09:00:00,1.7,55,2,0.0
2017-03-02 12:00:00,11.5,36,2,0.0
2017-03-02 15:00:00,14.0,37,3,0.0
2017-03-02 18:00:00,13.1,39,0,0.0
2017-03-02 21:00:00,4.0,68,3,0.0
2017-03-03 00:00:00,13.3,84,2,4.5
2017-03-03 03:00:00,11.9,97,4,9.0
2017-03-03 06:00:00,11.9,99,7,13.5
2017-03-03 09:00:00,11.7,93,5,18.0
2017-03-03 12:00:00,11.6,91,3,11.0
2017-03-03 15:00:00,13.4,67,3,4.0
2017-03-03 18:00:00,13.9,66,3,3.0
2017-03-03 21:00:00,9.8,92,1,2.0
2017-03-04 00:00:00,13.1,98,2,1.0
2017-03-04 03:00:00,11.4,97,2,0.0
2017-03-04 06:00:00,9.2,99,4,0.0
2017-03-04 09:00:00,15.7,96,2,0.0
2017-03-04 12:00:00,20.5,44,2,0.0
2017-03-04 15:00:00,22.7,46,4,0.0
2017-03-04 18:00:00,20.0,61,5,0.0
2017-03-04 21:00:00,15.3,90,2,0.0
2017-03-05 00:00:00,16.0,83,3,0.0
2017-03-05 03:00:00,14.7,94,1,0.0
2017-03-05 06:00:00,15.6,86,2,0.0
2017-03-05 09:00:00,19.8,77,1,0.0
2017-03-05 12:00:00,21.6,65,1,0.0
2017-03-05 15:00:00,23.9,52,4,0.0
2017-03-05 18:00:00,22.4,64,6,0.0
2017-03-05 21:00:00,18.8,81,2,0.0
2017-03-06 00:00:00,20.9,91,1,0.0
2017-03-06 03:00:00,18.5,98,3,0.0
2017-03-06 06:00:00,18.9,99,2,0.0
2017-03-06 09:00:00,24.4,66,0,0.0
2017-03-06 12:00:00,28.6,48,3,0.0
2017-03-06 15:00:00,30.8,52,6,0.0
2017-03-06 18:00:00,27.1,53,4,0.0
2017-03-06 21:00:00,24.0,65,2,0.0
2017-03-07 00:00:00,27.2,91,3,0.0
2017-03-07 03:00:00,25.2,88,3,0.0
2017-03-07 06:00:00,23.2,92,3,0.0
2017-03-07 09:00:00,30.4,68,1,0.0
2017-03-07 12:00:00,35.7,44,3,0.0
2017-03-07 15:00:00,37.4,36,4,0.0
2017-03-07 18:00:00,34.5,43,5,0.0
2017-03-07 21:00:00,30.0,59,2,0.0
2017-03-08 00:00:00,27.9,75,2,0.0
2017-03-08 03:00:00,26.8,83,1,0.0
2017-03-08 06:00:00,26.6,83,1,0.0
2017-03-08 09:00:00,29.5,66,3,0.0
2017-03-08 12:00:00,32.3,57,6,0.0
2017-03-08 15:00:00,33.0,56,8,0.0
2017-03-08 18:00:00,31.5,58,6,0.0
2017-03-08 21:00:00,28.2,74,3,0.0
2017-03-09 00:00:00,23.8,82,2,0.0
2017-03-09 03:00:00,21.7,87,2,0.0
2017-03-09 06:00:00,20.4,87,2,0.0
2017-03-09 09:00:00,27.8,66,1,0.0
2017-03-09 12:00:00,32.9,40,3,0.0
2017-03-09 15:00:00,35.4,42,2,0.0
2017-03-09 18:00:00,33.1,45,6,0.0
2017-03-09 21:00:00,27.2,73,2,0.0
2017-03-10 00:00:00,18.3,73,3,0.0
2017-03-10 03:00:00,19.5,55,4,0.0
2017-03-10 06:00:00,16.4,67,4,0.0
2017-03-10 09:00:00,23.8,43,6,0.0
2017-03-10 12:00:00,28.5,28,5,0.0
2017-03-10 15:00:00,29.0,26,0,0.0
2017-03-10 18:00:00,28.4,34,4,0.0
2017-03-10 21:00:00,23.0,36,4,0.0
2017-03-11 00:00:00,13.5,72,2,0.0
2017-03-11 03:00:00,13.0,71,2,0.0
2017-03-11 06:00:00,11.6,68,2,0.0
2017-03-11 09:00:00,16.0,54,3,0.0
2017-03-11 12:00:00,22.2,33,4,0.0
2017-03-11 15:00:00,23.1,34,2,0.0
2017-03-11 18:00:00,20.4,49,2,0.0
2017-03-11 21:00:00,13.5,79,3,0.0
2017-03-12 00:00:00,8.2,84,3,0.0
2017-03-12 03:00:00,7.9,86,2,0.0
2017-03-12 06:00:00,7.2,83,3,0.0
2017-03-12 09:00:00,9.2,82,2,0.0
2017-03-12 12:00:00,19.2,48,0,0.0
2017-03-12 15:00:00,21.2,34,0,0.0
2017-03-12 18:00:00,16.2,51,0,0.0
2017-03-12 21:00:00,9.4,82,3,0.0
2017-03-13 00:00:00,12.9,98,3,1.5
2017-03-13 03:00:00,11.3,91,4,3.0
2017-03-13 06:00:00,11.3,99,3,6.0
2017-03-13 09:00:00,11.7,91,6,9.0
2017-03-13 12:00:00,15.8,69,1,4.5
2017-03-13 15:00:00,17.4,62,3,0.0
2017-03-13 18:00:00,16.3,67,6,0.0
2017-03-13 21:00:00,13.3,84,2,0.0
2017-03-14 00:00:00,12.0,92,3,0.0
2017-03-14 03:00:00,10.5,97,3,0.0
2017-03-14 06:00:00,11.1,99,3,0.0
2017-03-14 09:00:00,10.1,100,1,0.0
2017-03-14 12:00:00,15.1,100,6,0.0
2017-03-14 15:00:00,16.8,55,10,0.0
2017-03-14 18:00:00,15.4,57,8,0.0
2017-03-14 21:00:00,10.3,79,5,0.0
2017-03-15 00:00:00,8.2,91,5,0.0
2017-03-15 03:00:00,7.7,78,6,0.0
2017-03-15 06:00:00,9.0,54,1,0.0
2017-03-15 09:00:00,9.8,58,0,0.0
2017-03-15 12:00:00,16.6,33,5,0.0
2017-03-15 15:00:00,16.2,33,4,0.0
2017-03-15 18:00:00,15.9,37,2,0.0
2017-03-15 21:00:00,12.5,65,3,0.0
2017-03-16 00:00:00,10.7,60,3,0.0
2017-03-16 03:00:00,8.3,66,3,0.0
2017-03-16 06:00:00,8.0,54,2,0.0
2017-03-16 09:00:00,11.7,50,2,0.0
2017-03-16 12:00:00,16.6,32,2,0.0
2017-03-16 15:00:00,16.6,36,4,0.0
2017-03-16 18:00:00,14.8,42,4,0.0
2017-03-16 21:00:00,12.6,56,2,0.0
2017-03-17 00:00:00,8.7,91,4,0.0
2017-03-17 03:00:00,7.7,91,3,0.0
2017-03-17 06:00:00,8.6,99,3,0.05
2017-03-17 09:00:00,9.5,94,3,0.1
2017-03-17 12:00:00,12.1,72,2,0.2
2017-03-17 15:00:00,13.1,68,4,0.3
2017-03-17 18:00:00,12.6,73,1,2.15
2017-03-17 21:00:00,10.5,99,4,4.0
2017-03-18 00:00:00,9.5,99,1,2.1
2017-03-18 03:00:00,9.1,99,2,0.2
2017-03-18 06:00:00,9.2,99,2,0.1
2017-03-18 09:00:00,10.0,60,5,0.0
2017-03-18 12:00:00,14.6,37,3,0.0
2017-03-18 15:00:00,16.6,35,5,0.0
2017-03-18 18:00:00,15.8,28,8,0.0
2017-03-18 21:00:00,11.1,41,5,0.0
2017-03-19 00:00:00,9.4,43,6,0.0
2017-03-19 03:00:00,8.4,41,5,0.0
2017-03-19 06:00:00,3.9,66,1,0.0
2017-03-19 09:00:00,10.5,49,1,0.0
2017-03-19 12:00:00,16.6,31,3,0.0
2017-03-19 15:00:00,18.7,27,2,0.0
2017-03-19 18:00:00,15.5,38,7,0.0
2017-03-19 21:00:00,12.4,59,1,0.0
2017-03-20 00:00:00,9.4,89,3,0.0
2017-03-20 03:00:00,10.5,89,4,0.0
2017-03-20 06:00:00,9.6,93,4,0.05
2017-03-20 09:00:00,13.2,65,5,0.1
2017-03-20 12:00:00,17.5,32,2,0.05
2017-03-20 15:00:00,20.3,45,4,0.0
2017-03-20 18:00:00,18.2,54,4,0.0
2017-03-20 21:00:00,14.0,91,3,0.0
2017-03-21 00:00:00,13.6,100,2,0.0
2017-03-21 03:00:00,11.8,99,3,0.0
2017-03-21 06:00:00,12.0,98,4,0.005
2017-03-21 09:00:00,15.5,78,3,0.01
2017-03-21 12:00:00,20.7,41,3,0.005
2017-03-21 15:00:00,21.1,51,5,0.0
2017-03-21 18:00:00,19.2,55,4,0.0
2017-03-21 21:00:00,15.0,98,2,0.0
2017-03-22 00:00:00,14.4,99,2,0.0
2017-03-22 03:00:00,12.0,99,3,0.0
2017-03-22 06:00:00,12.2,99,3,0.0
2017-03-22 09:00:00,14.4,93,2,0.0
2017-03-22 12:00:00,18.7,60,1,0.0
2017-03-22 15:00:00,20.8,45,2,0.0
2017-03-22 18:00:00,20.2,47,3,0.0
2017-03-22 21:00:00,16.1,58,1,0.0
2017-03-23 00:00:00,12.5,75,1,0.0
2017-03-23 03:00:00,11.6,82,6,0.0
2017-03-23 06:00:00,10.0,61,4,0.0
2017-03-23 09:00:00,15.6,34,6,0.0
2017-03-23 12:00:00,19.3,23,5,0.0
2017-03-23 15:00:00,21.9,18,5,0.0
2017-03-23 18:00:00,19.0,40,5,0.0
2017-03-23 21:00:00,14.8,51,2,0.0
2017-03-24 00:00:00,8.2,80,3,0.0
2017-03-24 03:00:00,7.8,81,4,0.0
2017-03-24 06:00:00,6.4,84,3,0.0
2017-03-24 09:00:00,13.0,62,1,0.0
2017-03-24 12:00:00,20.5,25,2,0.0
2017-03-24 15:00:00,23.4,16,2,0.0
2017-03-24 18:00:00,20.7,31,7,0.0
2017-03-24 21:00:00,15.4,51,0,0.0
2017-03-25 00:00:00,9.3,82,4,0.0
2017-03-25 03:00:00,8.3,86,1,0.0
2017-03-25 06:00:00,7.9,80,1,0.0
2017-03-25 09:00:00,14.8,64,1,0.0
2017-03-25 12:00:00,20.2,39,1,0.0
2017-03-25 15:00:00,22.8,35,4,0.0
2017-03-25 18:00:00,20.7,41,5,0.0
2017-03-25 21:00:00,14.8,79,2,0.0
2017-03-26 00:00:00,12.6,98,1,0.0
2017-03-26 03:00:00,11.3,99,3,0.0
2017-03-26 06:00:00,12.0,99,4,0.0
2017-03-26 09:00:00,16.0,87,3,0.0
2017-03-26 12:00:00,18.9,62,2,0.0
2017-03-26 15:00:00,20.8,52,4,0.0
2017-03-26 18:00:00,18.7,61,5,0.0
2017-03-26 21:00:00,15.5,82,3,0.0
2017-03-27 00:00:00,14.7,96,1,0.0
2017-03-27 03:00:00,14.5,98,1,0.0
2017-03-27 06:00:00,12.6,98,2,0.0
2017-03-27 09:00:00,15.5,95,1,0.0
2017-03-27 12:00:00,18.8,32,2,0.0
2017-03-27 15:00:00,19.5,60,4,0.0
2017-03-27 18:00:00,18.7,63,6,0.0
2017-03-27 21:00:00,15.0,86,2,0.0
2017-03-28 00:00:00,14.0,96,2,0.0
2017-03-28 03:00:00,12.0,98,3,0.0
2017-03-28 06:00:00,9.9,95,2,0.0
2017-03-28 09:00:00,15.5,89,1,0.0
2017-03-28 12:00:00,19.8,50,2,0.0
2017-03-28 15:00:00,21.8,38,2,0.0
2017-03-28 18:00:00,18.6,58,4,0.0
2017-03-28 21:00:00,16.1,81,2,0.0
2017-03-29 00:00:00,13.9,91,2,0.0
2017-03-29 03:00:00,10.5,99,2,0.0
2017-03-29 06:00:00,9.8,100,2,0.0
2017-03-29 09:00:00,15.8,79,4,0.0
2017-03-29 12:00:00,20.7,32,1,0.0
2017-03-29 15:00:00,23.6,25,1,0.0
2017-03-29 18:00:00,23.5,30,3,0.0
2017-03-29 21:00:00,17.2,55,2,0.0
2017-03-30 00:00:00,11.7,78,2,0.0
2017-03-30 03:00:00,11.9,59,2,0.0
2017-03-30 06:00:00,11.9,71,1,0.0
2017-03-30 09:00:00,17.5,56,2,0.0
2017-03-30 12:00:00,23.1,36,2,0.0
2017-03-30 15:00:00,22.0,45,4,0.0
2017-03-30 18:00:00,21.8,37,5,0.005
2017-03-30 21:00:00,16.1,67,3,0.01
2017-03-31 00:00:00,14.9,63,5,0.005
2017-03-31 03:00:00,16.2,52,4,0.0
2017-03-31 06:00:00,14.2,72,3,0.4
2017-03-31 09:00:00,15.8,74,4,0.8
2017-03-31 12:00:00,19.8,59,4,0.405
2017-03-31 15:00:00,18.5,57,6,0.01
2017-03-31 18:00:00,19.6,49,2,0.01
2017-03-31 21:00:00,15.4,75,2,0.01
2017-04-01 00:00:00,5.3,91,2,0.005
2017-04-01 03:00:00,2.6,95,2,0.0
2017-04-01 06:00:00,3.3,91,3,0.0
2017-04-01 09:00:00,4.5,91,2,0.0
2017-04-01 12:00:00,10.0,58,5,0.0
2017-04-01 15:00:00,12.3,47,2,0.0
2017-04-01 18:00:00,11.0,59,2,0.0
2017-04-01 21:00:00,9.2,77,3,0.0
2017-04-02 00:00:00,3.0,74,1,0.0
2017-04-02 03:00:00,4.2,51,2,0.0
2017-04-02 06:00:00,4.0,53,1,0.0
2017-04-02 09:00:00,3.6,64,0,0.0
2017-04-02 12:00:00,12.4,36,2,0.0
2017-04-02 15:00:00,13.6,39,2,0.0
2017-04-02 18:00:00,12.2,42,2,0.0
2017-04-02 21:00:00,9.6,55,2,0.0
2017-04-03 00:00:00,8.4,97,3,0.25
2017-04-03 03:00:00,6.6,100,3,0.5
2017-04-03 06:00:00,7.0,100,2,0.75
2017-04-03 09:00:00,10.3,97,3,1.0
2017-04-03 12:00:00,15.6,69,2,1.25
2017-04-03 15:00:00,17.4,61,4,1.5
2017-04-03 18:00:00,12.2,74,3,1.75
2017-04-03 21:00:00,11.7,53,9,2.0
2017-04-04 00:00:00,14.0,99,1,1.0
2017-04-04 03:00:00,12.5,99,3,0.0
2017-04-04 06:00:00,11.3,97,2,0.0
2017-04-04 09:00:00,14.4,100,3,0.0
2017-04-04 12:00:00,20.7,58,0,0.0
2017-04-04 15:00:00,24.5,34,1,0.0
2017-04-04 18:00:00,24.5,26,2,0.0
2017-04-04 21:00:00,18.7,71,0,0.0
2017-04-05 00:00:00,18.3,86,1,0.0
2017-04-05 03:00:00,16.7,97,3,0.0
2017-04-05 06:00:00,15.6,100,3,0.0
2017-04-05 09:00:00,20.0,78,1,0.0
2017-04-05 12:00:00,23.5,56,3,0.0
2017-04-05 15:00:00,25.7,47,2,0.0
2017-04-05 18:00:00,21.7,71,2,0.05
2017-04-05 21:00:00,19.6,79,2,0.1
2017-04-06 00:00:00,19.5,87,3,0.05
2017-04-06 03:00:00,17.9,93,2,0.0
2017-04-06 06:00:00,17.6,98,2,0.0
2017-04-06 09:00:00,25.7,63,2,0.0
2017-04-06 12:00:00,29.5,49,1,0.0
2017-04-06 15:00:00,31.7,47,4,0.0
2017-04-06 18:00:00,30.0,46,4,0.0
2017-04-06 21:00:00,24.8,66,3,0.0
2017-04-07 00:00:00,27.2,88,1,0.0
2017-04-07 03:00:00,23.9,87,3,0.0
2017-04-07 06:00:00,23.0,94,0,0.0
2017-04-07 09:00:00,29.9,68,3,0.0
2017-04-07 12:00:00,33.2,53,4,0.0
2017-04-07 15:00:00,35.5,49,4,0.0
2017-04-07 18:00:00,32.7,60,6,0.0
2017-04-07 21:00:00,28.8,78,3,0.0
2017-04-08 00:00:00,27.2,79,2,0.0
2017-04-08 03:00:00,26.4,82,2,0.0
2017-04-08 06:00:00,25.5,83,2,0.0
2017-04-08 09:00:00,28.9,72,3,0.0
2017-04-08 12:00:00,32.2,56,5,0.0
2017-04-08 15:00:00,32.7,55,4,0.0
2017-04-08 18:00:00,31.7,59,6,0.0
2017-04-08 21:00:00,28.1,75,4,0.0
2017-04-09 00:00:00,23.9,79,2,0.0
2017-04-09 03:00:00,21.5,87,2,0.0
2017-04-09 06:00:00,21.2,84,0,0.0
2017-04-09 09:00:00,28.1,63,2,0.0
2017-04-09 12:00:00,34.8,32,3,0.0
2017-04-09 15:00:00,37.8,27,4,0.0
2017-04-09 18:00:00,33.1,53,6,0.0
2017-04-09 21:00:00,27.1,82,2,0.0
2017-04-10 00:00:00,18.6,49,3,0.0
2017-04-10 03:00:00,17.0,47,4,0.0
2017-04-10 06:00:00,17.7,36,4,0.0
2017-04-10 09:00:00,23.2,23,6,0.0
2017-04-10 12:00:00,27.8,16,1,0.0
2017-04-10 15:00:00,30.4,12,3,0.0
2017-04-10 18:00:00,27.2,37,7,0.0
2017-04-10 21:00:00,22.2,50,2,0.0
2017-04-11 00:00:00,12.0,83,2,0.0
2017-04-11 03:00:00,12.1,79,2,0.0
2017-04-11 06:00:00,13.6,72,2,0.0
2017-04-11 09:00:00,14.5,69,0,0.0
2017-04-11 12:00:00,21.7,41,2,0.0
2017-04-11 15:00:00,21.4,44,2,0.0
2017-04-11 18:00:00,16.4,84,2,0.4
2017-04-11 21:00:00,14.7,87,2,0.8
2017-04-12 00:00:00,8.2,81,2,0.4
2017-04-12 03:00:00,6.3,85,2,0.0
2017-04-12 06:00:00,5.7,88,1,0.0
2017-04-12 09:00:00,9.2,83,2,0.0
2017-04-12 12:00:00,17.8,54,0,0.0
2017-04-12 15:00:00,21.0,41,2,0.0
2017-04-12 18:00:00,16.4,59,1,0.0
2017-04-12 21:00:00,9.6,82,3,0.0
2017-04-13 00:00:00,14.9,67,6,0.45
2017-04-13 03:00:00,15.1,72,5,0.9
2017-04-13 06:00:00,17.0,68,7,1.45
2017-04-13 09:00:00,15.8,80,6,2.0
2017-04-13 12:00:00,15.2,86,5,5.5
2017-04-13 15:00:00,17.6,85,4,9.0
2017-04-13 18:00:00,18.5,72,3,9.0
2017-04-13 21:00:00,16.1,91,2,9.0
2017-04-14 00:00:00,15.8,100,3,8.5
2017-04-14 03:00:00,15.0,100,3,8.0
2017-04-14 06:00:00,13.6,99,1,10.5
2017-04-14 09:00:00,15.7,98,1,13.0
2017-04-14 12:00:00,19.0,70,0,6.6
2017-04-14 15:00:00,18.0,82,4,0.2
2017-04-14 18:00:00,19.0,71,6,2.6
2017-04-14 21:00:00,16.3,91,2,5.0
2017-04-15 00:00:00,16.1,99,1,2.5
2017-04-15 03:00:00,14.1,99,3,0.0
2017-04-15 06:00:00,15.0,97,2,0.5
2017-04-15 09:00:00,14.7,98,2,1.0
2017-04-15 12:00:00,15.2,96,5,3.5
2017-04-15 15:00:00,17.1,92,2,6.0
2017-04-15 18:00:00,18.0,75,2,6.0
2017-04-15 21:00:00,15.7,96,2,6.0
2017-04-16 00:00:00,14.0,98,2,3.0
2017-04-16 03:00:00,12.9,99,3,0.0
2017-04-16 06:00:00,11.9,99,4,0.0
2017-04-16 09:00:00,14.8,98,1,0.0
2017-04-16 12:00:00,19.9,68,2,0.0
2017-04-16 15:00:00,21.5,64,6,0.0
2017-04-16 18:00:00,20.3,63,4,0.0
2017-04-16 21:00:00,16.4,85,2,0.0
2017-04-17 00:00:00,13.2,97,3,0.0
2017-04-17 03:00:00,11.5,100,2,0.0
2017-04-17 06:00:00,10.9,97,3,0.0
2017-04-17 09:00:00,15.6,94,1,0.0
2017-04-17 12:00:00,20.3,66,2,0.0
2017-04-17 15:00:00,23.5,51,4,0.0
2017-04-17 18:00:00,21.4,53,4,0.0
2017-04-17 21:00:00,16.8,80,2,0.0
2017-04-18 00:00:00,13.7,97,3,0.0
2017-04-18 03:00:00,11.9,100,3,0.0
2017-04-18 06:00:00,10.9,99,2,0.0
2017-04-18 09:00:00,17.5,85,2,0.0
2017-04-18 12:00:00,21.6,54,3,0.0
2017-04-18 15:00:00,22.8,39,8,0.0
2017-04-18 18:00:00,20.4,62,6,0.0
2017-04-18 21:00:00,17.0,86,2,0.0
2017-04-19 00:00:00,16.6,92,2,0.0
2017-04-19 03:00:00,15.0,98,2,0.0
2017-04-19 06:00:00,13.0,99,3,0.0
2017-04-19 09:00:00,18.4,78,1,0.0
2017-04-19 12:00:00,21.5,58,3,0.0
2017-04-19 15:00:00,22.8,44,5,0.0
2017-04-19 18:00:00,21.0,47,5,0.0
2017-04-19 21:00:00,16.8,75,2,0.0
2017-04-20 00:00:00,12.1,97,3,0.0
2017-04-20 03:00:00,11.0,100,3,0.0
2017-04-20 06:00:00,10.9,99,3,0.0
2017-04-20 09:00:00,17.2,88,1,0.0
2017-04-20 12:00:00,20.6,53,3,0.0
2017-04-20 15:00:00,21.4,52,4,0.0
2017-04-20 18:00:00,20.8,52,4,0.0
2017-04-20 21:00:00,16.0,78,3,0.0
2017-04-21 00:00:00,15.3,86,1,0.0
2017-04-21 03:00:00,13.0,98,3,0.0
2017-04-21 06:00:00,13.7,100,3,0.0
2017-04-21 09:00:00,17.6,82,4,0.0
2017-04-21 12:00:00,21.3,59,3,0.0
2017-04-21 15:00:00,23.9,50,1,0.0
2017-04-21 18:00:00,23.3,51,2,0.0
2017-04-21 21:00:00,16.2,84,3,0.0
2017-04-22 00:00:00,13.8,86,2,0.0
2017-04-22 03:00:00,14.5,81,1,0.0
2017-04-22 06:00:00,13.7,80,2,0.0
2017-04-22 09:00:00,21.5,51,4,0.0
2017-04-22 12:00:00,26.6,29,1,0.0
2017-04-22 15:00:00,29.3,30,2,0.0
2017-04-22 18:00:00,27.5,37,4,0.0
2017-04-22 21:00:00,19.5,61,3,0.0
2017-04-23 00:00:00,18.9,62,3,0.0
2017-04-23 03:00:00,17.6,66,3,0.0
2017-04-23 06:00:00,17.6,80,4,0.0
2017-04-23 09:00:00,19.2,31,10,0.0
2017-04-23 12:00:00,19.2,49,11,0.0
2017-04-23 15:00:00,19.9,45,11,0.0
2017-04-23 18:00:00,18.6,48,6,0.0
2017-04-23 21:00:00,14.7,62,3,0.0
2017-04-24 00:00:00,10.6,83,4,0.0
2017-04-24 03:00:00,11.5,49,6,0.0
2017-04-24 06:00:00,10.3,48,6,0.0
2017-04-24 09:00:00,16.0,36,6,0.0
2017-04-24 12:00:00,19.3,30,3,0.0
2017-04-24 15:00:00,21.5,26,5,0.0
2017-04-24 18:00:00,20.6,35,4,0.0
2017-04-24 21:00:00,14.5,60,4,0.0
2017-04-25 00:00:00,9.9,79,2,0.0
2017-04-25 03:00:00,9.2,84,4,0.0
2017-04-25 06:00:00,7.4,88,2,0.0
2017-04-25 09:00:00,16.6,56,3,0.0
2017-04-25 12:00:00,22.0,29,3,0.0
2017-04-25 15:00:00,23.7,23,2,0.0
2017-04-25 18:00:00,24.2,18,1,0.0
2017-04-25 21:00:00,16.9,49,2,0.0
2017-04-26 00:00:00,10.4,81,3,0.0
2017-04-26 03:00:00,10.5,75,2,0.0
2017-04-26 06:00:00,8.2,79,3,0.0
2017-04-26 09:00:00,19.6,38,2,0.0
2017-04-26 12:00:00,24.9,21,2,0.0
2017-04-26 15:00:00,26.7,13,1,0.0
2017-04-26 18:00:00,26.6,12,3,0.0
2017-04-26 21:00:00,15.2,61,3,0.0
2017-04-27 00:00:00,11.6,66,2,0.0
2017-04-27 03:00:00,12.9,57,3,0.0
2017-04-27 06:00:00,12.2,58,2,0.0
2017-04-27 09:00:00,22.9,29,3,0.0
2017-04-27 12:00:00,27.6,21,3,0.0
2017-04-27 15:00:00,29.4,15,3,0.0
2017-04-27 18:00:00,27.6,19,3,0.0
2017-04-27 21:00:00,18.4,41,3,0.0
2017-04-28 00:00:00,16.0,59,2,0.0
2017-04-28 03:00:00,18.0,40,2,0.0
2017-04-28 06:00:00,17.3,41,1,0.0
2017-04-28 09:00:00,22.1,44,2,0.0
2017-04-28 12:00:00,26.8,32,3,0.0
2017-04-28 15:00:00,30.7,23,5,0.0
2017-04-28 18:00:00,26.1,28,6,0.0
2017-04-28 21:00:00,20.9,43,3,0.0
2017-04-29 00:00:00,15.2,91,2,0.0
2017-04-29 03:00:00,13.1,82,2,0.0
2017-04-29 06:00:00,11.9,77,2,0.0
2017-04-29 09:00:00,23.0,44,1,0.0
2017-04-29 12:00:00,28.2,31,1,0.0
2017-04-29 15:00:00,31.1,24,4,0.0
2017-04-29 18:00:00,28.1,33,4,0.0
2017-04-29 21:00:00,21.1,53,2,0.0
2017-04-30 00:00:00,15.3,87,3,0.0
2017-04-30 03:00:00,15.7,91,3,0.0
2017-04-30 06:00:00,13.8,91,1,0.0
2017-04-30 09:00:00,21.8,60,2,0.0
2017-04-30 12:00:00,29.2,33,3,0.0
2017-04-30 15:00:00,31.7,20,2,0.0
2017-04-30 18:00:00,29.7,24,2,0.0
2017-04-30 21:00:00,22.3,48,4,0.0
2017-05-01 00:00:00,9.1,71,2,0.0
2017-05-01 03:00:00,8.8,69,4,0.0
2017-05-01 06:00:00,8.8,69,5,0.05
2017-05-01 09:00:00,9.0,71,2,0.1
2017-05-01 12:00:00,10.9,65,5,1.05
2017-05-01 15:00:00,9.6,81,4,2.0
2017-05-01 18:00:00,8.4,90,5,5.5
2017-05-01 21:00:00,8.3,90,7,9.0
2017-05-02 00:00:00,9.1,66,4,4.505
2017-05-02 03:00:00,9.1,70,2,0.01
2017-05-02 06:00:00,6.3,72,0,0.005
2017-05-02 09:00:00,6.4,75,2,0.0
2017-05-02 12:00:00,13.8,44,2,0.0
2017-05-02 15:00:00,15.8,41,2,0.0
2017-05-02 18:00:00,14.3,51,3,0.0
2017-05-02 21:00:00,8.6,67,2,0.0
2017-05-03 00:00:00,8.8,63,4,0.0
2017-05-03 03:00:00,8.6,61,2,0.0
2017-05-03 06:00:00,8.2,60,3,0.0
2017-05-03 09:00:00,11.8,51,1,0.0
2017-05-03 12:00:00,17.6,34,3,0.0
2017-05-03 15:00:00,19.8,31,1,0.0
2017-05-03 18:00:00,17.9,54,5,0.0
2017-05-03 21:00:00,13.0,59,2,0.0
2017-05-04 00:00:00,14.0,87,3,0.0
2017-05-04 03:00:00,13.6,68,1,0.0
2017-05-04 06:00:00,14.1,56,4,0.0
2017-05-04 09:00:00,21.0,39,8,0.0
2017-05-04 12:00:00,24.4,27,1,0.0
2017-05-04 15:00:00,26.3,22,2,0.0
2017-05-04 18:00:00,26.0,24,4,0.0
2017-05-04 21:00:00,19.1,43,4,0.0
2017-05-05 00:00:00,18.4,95,1,0.0
2017-05-05 03:00:00,17.1,99,1,0.0
2017-05-05 06:00:00,17.4,97,2,0.0
2017-05-05 09:00:00,20.8,77,2,0.0
2017-05-05 12:00:00,23.4,58,2,0.0
2017-05-05 15:00:00,25.8,53,6,0.0
2017-05-05 18:00:00,22.8,61,6,0.0
2017-05-05 21:00:00,19.5,81,3,0.0
2017-05-06 00:00:00,21.2,91,2,0.0
2017-05-06 03:00:00,20.5,96,1,0.0
2017-05-06 06:00:00,20.4,100,2,0.0
2017-05-06 09:00:00,25.0,73,1,0.0
2017-05-06 12:00:00,28.7,55,1,0.0
2017-05-06 15:00:00,30.5,49,5,0.0
2017-05-06 18:00:00,28.4,56,4,0.0
2017-05-06 21:00:00,23.6,75,3,0.0
2017-05-07 00:00:00,26.9,89,2,0.0
2017-05-07 03:00:00,26.6,91,2,0.0
2017-05-07 06:00:00,24.8,94,2,0.0
2017-05-07 09:00:00,29.5,71,2,0.0
2017-05-07 12:00:00,33.6,55,2,0.0
2017-05-07 15:00:00,35.4,53,7,0.0
2017-05-07 18:00:00,33.6,49,6,0.0
2017-05-07 21:00:00,28.2,80,3,0.0
2017-05-08 00:00:00,27.0,79,1,0.0
2017-05-08 03:00:00,26.2,82,0,0.0
2017-05-08 06:00:00,25.2,84,1,0.0
2017-05-08 09:00:00,28.6,72,1,0.0
2017-05-08 12:00:00,33.0,48,2,0.0
2017-05-08 15:00:00,34.6,49,7,0.0
2017-05-08 18:00:00,32.4,56,7,0.0
2017-05-08 21:00:00,28.4,72,3,0.0
2017-05-09 00:00:00,26.4,88,1,0.0
2017-05-09 03:00:00,24.5,90,2,0.0
2017-05-09 06:00:00,23.5,95,3,0.0
2017-05-09 09:00:00,28.4,74,0,0.0
2017-05-09 12:00:00,32.1,54,3,0.0
2017-05-09 15:00:00,33.7,49,6,0.0
2017-05-09 18:00:00,31.2,59,5,0.0
2017-05-09 21:00:00,27.3,76,2,0.0
2017-05-10 00:00:00,16.4,64,2,0.0
2017-05-10 03:00:00,16.6,33,4,0.0
2017-05-10 06:00:00,14.3,39,4,0.0
2017-05-10 09:00:00,23.1,22,5,0.0
2017-05-10 12:00:00,27.8,15,1,0.0
2017-05-10 15:00:00,29.4,15,2,0.0
2017-05-10 18:00:00,26.4,19,5,0.0
2017-05-10 21:00:00,21.4,56,1,0.0
2017-05-11 00:00:00,15.2,79,3,0.0
2017-05-11 03:00:00,14.7,78,4,0.0
2017-05-11 06:00:00,14.1,87,2,3.5
2017-05-11 09:00:00,15.2,86,4,7.0
2017-05-11 12:00:00,15.2,88,5,13.5
2017-05-11 15:00:00,14.8,94,5,20.0
2017-05-11 18:00:00,15.0,98,4,25.5
2017-05-11 21:00:00,14.7,96,8,31.0
2017-05-12 00:00:00,9.4,82,0,15.5
2017-05-12 03:00:00,9.4,81,0,0.0
2017-05-12 06:00:00,8.3,86,3,0.0
2017-05-12 09:00:00,9.0,81,3,0.0
2017-05-12 12:00:00,14.0,69,2,0.0
2017-05-12 15:00:00,16.4,58,2,0.0
2017-05-12 18:00:00,12.2,85,3,4.0
2017-05-12 21:00:00,11.0,92,3,8.0
2017-05-13 00:00:00,17.9,85,2,4.0
2017-05-13 03:00:00,15.1,89,2,0.0
2017-05-13 06:00:00,14.9,97,3,0.0
2017-05-13 09:00:00,22.5,62,1,0.0
2017-05-13 12:00:00,27.7,40,2,0.0
2017-05-13 15:00:00,30.9,39,5,0.0
2017-05-13 18:00:00,28.5,36,4,0.0
2017-05-13 21:00:00,22.3,65,3,0.0
2017-05-14 00:00:00,17.6,87,3,0.0
2017-05-14 03:00:00,16.5,92,3,0.0
2017-05-14 06:00:00,15.8,97,2,0.0
2017-05-14 09:00:00,22.7,73,0,0.0
2017-05-14 12:00:00,27.9,44,3,0.0
2017-05-14 15:00:00,29.2,34,5,0.0
2017-05-14 18:00:00,27.1,47,5,0.0
2017-05-14 21:00:00,21.6,83,4,0.0
2017-05-15 00:00:00,20.7,86,1,0.0
2017-05-15 03:00:00,18.0,96,3,0.0
2017-05-15 06:00:00,17.9,95,3,0.0
2017-05-15 09:00:00,23.2,73,2,0.0
2017-05-15 12:00:00,29.0,36,4,0.0
2017-05-15 15:00:00,30.0,46,5,0.0
2017-05-15 18:00:00,28.4,50,5,0.0
2017-05-15 21:00:00,22.8,71,3,0.0
2017-05-16 00:00:00,18.5,93,3,0.0
2017-05-16 03:00:00,17.9,98,3,0.0
2017-05-16 06:00:00,15.5,78,3,0.0
2017-05-16 09:00:00,24.7,38,6,0.0
2017-05-16 12:00:00,28.3,29,4,0.0
2017-05-16 15:00:00,30.6,25,1,0.0
2017-05-16 18:00:00,28.5,33,4,0.0
2017-05-16 21:00:00,24.5,39,1,0.0
2017-05-17 00:00:00,17.0,71,4,0.0
2017-05-17 03:00:00,20.5,41,4,0.0
2017-05-17 06:00:00,18.6,46,5,0.0
2017-05-17 09:00:00,25.1,34,5,0.0
2017-05-17 12:00:00,28.1,27,2,0.0
2017-05-17 15:00:00,30.2,26,5,0.0
2017-05-17 18:00:00,29.0,26,5,0.0
2017-05-17 21:00:00,24.9,34,1,0.0
2017-05-18 00:00:00,16.5,69,4,0.0
2017-05-18 03:00:00,14.5,75,2,0.0
2017-05-18 06:00:00,14.6,69,2,0.0
2017-05-18 09:00:00,24.2,41,2,0.0
2017-05-18 12:00:00,27.1,34,3,0.005
2017-05-18 15:00:00,24.1,56,2,0.01
2017-05-18 18:00:00,23.7,57,3,0.055
2017-05-18 21:00:00,19.7,70,3,0.1
2017-05-19 00:00:00,17.4,78,1,0.05
2017-05-19 03:00:00,16.0,84,2,0.0
2017-05-19 06:00:00,16.4,75,2,0.0
2017-05-19 09:00:00,22.8,54,2,0.0
2017-05-19 12:00:00,24.0,51,4,0.2
2017-05-19 15:00:00,24.2,56,3,0.4
2017-05-19 18:00:00,25.4,42,4,0.4
2017-05-19 21:00:00,20.5,76,2,0.4
2017-05-20 00:00:00,19.0,81,2,0.2
2017-05-20 03:00:00,17.9,84,3,0.0
2017-05-20 06:00:00,17.8,85,3,0.0
2017-05-20 09:00:00,21.6,70,7,0.0
2017-05-20 12:00:00,20.8,75,5,4.5
2017-05-20 15:00:00,16.7,92,4,9.0
2017-05-20 18:00:00,16.8,92,3,16.0
2017-05-20 21:00:00,15.9,96,3,23.0
2017-05-21 00:00:00,15.4,94,2,11.55
2017-05-21 03:00:00,13.0,99,2,0.1
2017-05-21 06:00:00,12.9,96,2,0.05
2017-05-21 09:00:00,19.3,72,1,0.0
2017-05-21 12:00:00,23.2,53,4,0.0
2017-05-21 15:00:00,24.1,49,6,0.0
2017-05-21 18:00:00,23.2,46,6,0.0
2017-05-21 21:00:00,18.8,80,1,0.0
2017-05-22 00:00:00,17.8,90,2,5.0
2017-05-22 03:00:00,17.4,99,2,10.0
2017-05-22 06:00:00,14.8,99,0,10.0
2017-05-22 09:00:00,20.1,71,2,10.0
2017-05-22 12:00:00,21.7,68,6,5.05
2017-05-22 15:00:00,20.6,65,6,0.1
2017-05-22 18:00:00,18.1,84,3,1.05
2017-05-22 21:00:00,16.8,93,4,2.0
2017-05-23 00:00:00,16.1,95,4,1.4
2017-05-23 03:00:00,16.1,85,5,0.8
2017-05-23 06:00:00,16.3,78,4,0.8
2017-05-23 09:00:00,20.1,64,5,0.8
2017-05-23 12:00:00,16.9,84,4,9.4
2017-05-23 15:00:00,21.3,74,2,18.0
2017-05-23 18:00:00,19.3,70,2,35.5
2017-05-23 21:00:00,17.4,80,1,53.0
2017-05-24 00:00:00,14.3,95,3,26.5
2017-05-24 03:00:00,12.3,100,3,0.0
2017-05-24 06:00:00,12.5,100,2,0.0
2017-05-24 09:00:00,20.7,74,1,0.0
2017-05-24 12:00:00,23.7,60,5,0.0
2017-05-24 15:00:00,25.3,52,6,0.0
2017-05-24 18:00:00,23.2,59,5,0.0
2017-05-24 21:00:00,19.8,71,1,0.0
2017-05-25 00:00:00,15.4,95,3,0.0
2017-05-25 03:00:00,15.2,97,3,0.0
2017-05-25 06:00:00,15.8,99,3,0.0
2017-05-25 09:00:00,21.1,71,1,0.0
2017-05-25 12:00:00,24.5,53,3,0.0
2017-05-25 15:00:00,26.0,54,3,0.0
2017-05-25 18:00:00,24.7,56,4,0.0
2017-05-25 21:00:00,21.1,72,2,0.0
2017-05-26 00:00:00,19.7,83,2,0.0
2017-05-26 03:00:00,17.5,90,0,0.0
2017-05-26 06:00:00,15.6,98,3,0.0
2017-05-26 09:00:00,23.5,57,2,0.0
2017-05-26 12:00:00,26.1,44,2,0.0
2017-05-26 15:00:00,27.4,41,7,0.0
2017-05-26 18:00:00,25.3,43,7,0.0
2017-05-26 21:00:00,20.0,73,2,0.0
2017-05-27 00:00:00,18.0,90,2,0.0
2017-05-27 03:00:00,15.0,99,3,0.0
2017-05-27 06:00:00,15.4,99,2,0.0
2017-05-27 09:00:00,21.0,77,2,0.0
2017-05-27 12:00:00,24.4,55,4,0.0
2017-05-27 15:00:00,25.7,53,5,0.0
2017-05-27 18:00:00,24.8,52,4,0.0
2017-05-27 21:00:00,20.5,75,2,0.0
2017-05-28 00:00:00,16.8,92,2,0.0
2017-05-28 03:00:00,16.8,86,2,0.0
2017-05-28 06:00:00,15.6,95,3,0.0
2017-05-28 09:00:00,22.9,60,3,0.0
2017-05-28 12:00:00,27.0,38,1,0.0
2017-05-28 15:00:00,29.2,33,5,0.0
2017-05-28 18:00:00,27.9,42,6,0.0
2017-05-28 21:00:00,22.0,63,2,0.0
2017-05-29 00:00:00,19.5,84,2,0.0
2017-05-29 03:00:00,16.6,96,3,0.0
2017-05-29 06:00:00,17.6,97,2,0.0
2017-05-29 09:00:00,22.6,71,1,0.0
2017-05-29 12:00:00,25.7,55,3,0.0
2017-05-29 15:00:00,28.3,45,6,0.0
2017-05-29 18:00:00,27.2,40,4,0.0
2017-05-29 21:00:00,20.8,61,4,0.0
2017-05-30 00:00:00,16.0,81,3,0.0
2017-05-30 03:00:00,13.7,86,3,0.0
2017-05-30 06:00:00,12.7,92,4,0.0
2017-05-30 09:00:00,22.9,72,1,0.0
2017-05-30 12:00:00,25.8,52,4,0.0
2017-05-30 15:00:00,26.2,49,7,0.0
2017-05-30 18:00:00,25.1,43,6,0.0
2017-05-30 21:00:00,20.7,72,2,0.0
2017-05-31 00:00:00,18.4,85,2,0.0
2017-05-31 03:00:00,18.9,83,3,0.0
2017-05-31 06:00:00,17.1,89,3,0.0
2017-05-31 09:00:00,22.9,65,3,0.0
2017-05-31 12:00:00,25.7,53,4,0.0
2017-05-31 15:00:00,26.3,51,7,0.0
2017-05-31 18:00:00,19.8,84,3,2.5
2017-05-31 21:00:00,19.1,87,2,5.0
2017-06-01 00:00:00,8.3,86,6,3.5
2017-06-01 03:00:00,8.6,87,3,2.0
2017-06-01 06:00:00,9.0,79,6,1.0
2017-06-01 09:00:00,10.6,68,8,0.0
2017-06-01 12:00:00,13.7,61,7,0.0
2017-06-01 15:00:00,15.5,52,8,0.0
2017-06-01 18:00:00,12.0,61,7,0.0
2017-06-01 21:00:00,9.9,63,6,0.0
2017-06-02 00:00:00,9.8,67,2,0.05
2017-06-02 03:00:00,9.0,89,2,0.1
2017-06-02 06:00:00,8.4,99,3,0.35
2017-06-02 09:00:00,8.9,92,4,0.6
2017-06-02 12:00:00,11.6,65,4,0.35
2017-06-02 15:00:00,12.8,58,3,0.1
2017-06-02 18:00:00,12.0,62,3,0.05
2017-06-02 21:00:00,10.7,74,4,0.0
2017-06-03 00:00:00,7.7,89,4,0.0
2017-06-03 03:00:00,8.6,84,2,0.0
2017-06-03 06:00:00,7.6,90,1,0.0
2017-06-03 09:00:00,11.2,75,1,0.0
2017-06-03 12:00:00,20.1,36,1,0.0
2017-06-03 15:00:00,23.3,26,2,0.0
2017-06-03 18:00:00,22.1,29,2,0.0
2017-06-03 21:00:00,11.6,80,2,0.0
2017-06-04 00:00:00,17.3,44,4,0.0
2017-06-04 03:00:00,19.0,38,8,0.0
2017-06-04 06:00:00,19.3,38,8,0.0
2017-06-04 09:00:00,20.2,38,5,0.0
2017-06-04 12:00:00,24.9,29,3,0.0
2017-06-04 15:00:00,26.9,27,3,0.0
2017-06-04 18:00:00,24.3,36,5,0.0
2017-06-04 21:00:00,20.0,48,2,0.0
2017-06-05 00:00:00,18.7,88,2,0.0
2017-06-05 03:00:00,18.3,93,2,0.0
2017-06-05 06:00:00,17.6,98,2,0.0
2017-06-05 09:00:00,20.9,79,2,0.0
2017-06-05 12:00:00,22.9,64,4,0.005
2017-06-05 15:00:00,23.0,67,6,0.01
2017-06-05 18:00:00,22.6,64,6,0.505
2017-06-05 21:00:00,19.2,82,3,1.0
2017-06-06 00:00:00,22.6,86,2,0.5
2017-06-06 03:00:00,20.4,96,2,0.0
2017-06-06 06:00:00,20.3,99,2,0.0
2017-06-06 09:00:00,23.7,79,2,0.0
2017-06-06 12:00:00,27.3,56,4,0.0
2017-06-06 15:00:00,28.8,43,5,0.0
2017-06-06 18:00:00,26.8,57,6,0.0
2017-06-06 21:00:00,22.8,79,3,0.0
2017-06-07 00:00:00,26.8,85,3,0.0
2017-06-07 03:00:00,27.0,84,1,0.0
2017-06-07 06:00:00,26.5,87,1,0.0
2017-06-07 09:00:00,29.6,71,3,0.0
2017-06-07 12:00:00,32.7,58,3,0.0
2017-06-07 15:00:00,32.3,60,7,0.0
2017-06-07 18:00:00,31.2,59,5,0.0
2017-06-07 21:00:00,27.2,76,3,0.0
2017-06-08 00:00:00,26.5,80,3,0.0
2017-06-08 03:00:00,25.5,82,1,0.0
2017-06-08 06:00:00,23.1,87,3,0.0
2017-06-08 09:00:00,28.8,66,2,0.0
2017-06-08 12:00:00,32.7,50,2,0.0
2017-06-08 15:00:00,34.0,50,5,0.0
2017-06-08 18:00:00,32.1,51,7,0.0
2017-06-08 21:00:00,27.4,69,2,0.0
2017-06-09 00:00:00,26.0,81,1,0.0
2017-06-09 03:00:00,24.6,83,3,0.0
2017-06-09 06:00:00,23.3,89,2,0.0
2017-06-09 09:00:00,28.4,70,3,0.0
2017-06-09 12:00:00,31.9,47,8,0.0
2017-06-09 15:00:00,31.7,47,6,0.0
2017-06-09 18:00:00,30.0,48,7,0.0
2017-06-09 21:00:00,26.3,68,1,0.0
2017-06-10 00:00:00,15.2,79,4,0.0
2017-06-10 03:00:00,17.6,54,4,0.0
2017-06-10 06:00:00,12.4,63,0,0.0
2017-06-10 09:00:00,22.0,23,3,0.0
2017-06-10 12:00:00,27.4,20,3,0.0
2017-06-10 15:00:00,29.8,15,3,0.0
2017-06-10 18:00:00,26.5,32,5,0.0
2017-06-10 21:00:00,21.5,47,1,0.0
2017-06-11 00:00:00,13.0,90,5,3.5
2017-06-11 03:00:00,12.2,87,3,7.0
2017-06-11 06:00:00,11.8,87,2,7.0
2017-06-11 09:00:00,14.1,86,2,7.0
2017-06-11 12:00:00,19.6,64,3,3.5
2017-06-11 15:00:00,22.3,50,1,0.0
2017-06-11 18:00:00,19.4,60,1,0.0
2017-06-11 21:00:00,13.2,91,3,0.0
2017-06-12 00:00:00,11.6,86,3,0.1
2017-06-12 03:00:00,11.5,72,4,0.2
2017-06-12 06:00:00,9.4,71,3,0.2
2017-06-12 09:00:00,10.0,65,3,0.2
2017-06-12 12:00:00,13.6,43,8,0.1
2017-06-12 15:00:00,10.4,58,9,0.0
2017-06-12 18:00:00,10.0,54,3,0.05
2017-06-12 21:00:00,10.6,36,8,0.1
2017-06-13 00:00:00,22.9,92,2,0.05
2017-06-13 03:00:00,23.1,89,0,0.0
2017-06-13 06:00:00,22.6,91,1,0.0
2017-06-13 09:00:00,25.2,74,2,0.0
2017-06-13 12:00:00,30.1,50,3,0.0
2017-06-13 15:00:00,30.3,51,6,0.0
2017-06-13 18:00:00,28.4,54,5,0.0
2017-06-13 21:00:00,24.7,79,3,0.0
2017-06-14 00:00:00,22.8,84,3,0.0
2017-06-14 03:00:00,21.7,84,2,0.0
2017-06-14 06:00:00,21.2,88,1,0.0
2017-06-14 09:00:00,25.2,69,4,0.0
2017-06-14 12:00:00,20.7,76,4,14.5
2017-06-14 15:00:00,19.7,82,2,29.0
2017-06-14 18:00:00,23.1,70,4,29.0
2017-06-14 21:00:00,20.6,81,2,29.0
2017-06-15 00:00:00,18.9,91,3,14.5
2017-06-15 03:00:00,18.8,93,3,0.0
2017-06-15 06:00:00,18.9,87,3,0.0
2017-06-15 09:00:00,24.7,67,2,0.0
2017-06-15 12:00:00,27.2,58,1,0.0
2017-06-15 15:00:00,29.9,54,3,0.0
2017-06-15 18:00:00,28.5,54,7,0.0
2017-06-15 21:00:00,24.3,72,3,0.0
2017-06-16 00:00:00,22.7,81,2,0.0
2017-06-16 03:00:00,19.8,93,3,0.0
2017-06-16 06:00:00,19.7,93,1,0.0
2017-06-16 09:00:00,25.0,72,2,0.0
2017-06-16 12:00:00,28.9,54,3,0.0
2017-06-16 15:00:00,31.2,46,6,0.0
2017-06-16 18:00:00,30.2,47,5,0.0
2017-06-16 21:00:00,25.8,61,3,0.0
2017-06-17 00:00:00,22.9,89,3,0.0
2017-06-17 03:00:00,21.1,94,2,0.0
2017-06-17 06:00:00,21.8,100,3,0.0
2017-06-17 09:00:00,26.0,70,2,0.0
2017-06-17 12:00:00,29.8,46,5,0.0
2017-06-17 15:00:00,31.0,50,6,0.0
2017-06-17 18:00:00,28.1,57,5,0.0
2017-06-17 21:00:00,24.9,74,3,0.0
2017-06-18 00:00:00,23.5,85,2,0.0
2017-06-18 03:00:00,22.4,87,3,0.0
2017-06-18 06:00:00,21.7,92,2,0.0
2017-06-18 09:00:00,25.5,73,1,0.0
2017-06-18 12:00:00,29.3,59,5,0.0
2017-06-18 15:00:00,29.6,57,7,0.0
2017-06-18 18:00:00,28.2,62,7,0.0
2017-06-18 21:00:00,24.6,78,3,0.0
2017-06-19 00:00:00,23.8,85,2,0.0
2017-06-19 03:00:00,22.8,89,2,0.0
2017-06-19 06:00:00,22.2,87,0,0.0
2017-06-19 09:00:00,26.2,68,3,0.0
2017-06-19 12:00:00,29.2,53,5,0.0
2017-06-19 15:00:00,28.6,57,8,0.0
2017-06-19 18:00:00,27.0,65,7,0.0
2017-06-19 21:00:00,24.7,77,4,0.0
2017-06-20 00:00:00,22.9,79,3,0.0
2017-06-20 03:00:00,22.3,80,2,0.0
2017-06-20 06:00:00,21.7,77,2,0.0
2017-06-20 09:00:00,25.4,62,3,0.0
2017-06-20 12:00:00,28.8,51,2,0.0
2017-06-20 15:00:00,28.4,53,7,0.0
2017-06-20 18:00:00,26.2,60,6,0.0
2017-06-20 21:00:00,23.7,73,3,0.0
2017-06-21 00:00:00,23.1,78,3,0.0
2017-06-21 03:00:00,20.3,87,2,0.0
2017-06-21 06:00:00,19.3,86,2,0.0
2017-06-21 09:00:00,24.3,71,0,0.0
2017-06-21 12:00:00,25.9,55,4,0.0
2017-06-21 15:00:00,26.9,57,6,0.0
2017-06-21 18:00:00,25.7,43,3,0.0
2017-06-21 21:00:00,21.2,65,3,0.0
2017-06-22 00:00:00,19.2,72,2,0.0
2017-06-22 03:00:00,16.5,80,3,0.0
2017-06-22 06:00:00,16.4,83,4,0.0
2017-06-22 09:00:00,25.4,58,2,0.0
2017-06-22 12:00:00,28.7,42,4,0.0
2017-06-22 15:00:00,31.1,42,5,0.0
2017-06-22 18:00:00,29.6,42,7,0.0
2017-06-22 21:00:00,24.4,65,2,0.0
2017-06-23 00:00:00,22.3,76,2,0.0
2017-06-23 03:00:00,19.1,85,4,0.0
2017-06-23 06:00:00,18.5,87,2,0.0
2017-06-23 09:00:00,25.8,65,0,0.0
2017-06-23 12:00:00,30.4,46,2,0.0
2017-06-23 15:00:00,32.0,47,7,0.0
2017-06-23 18:00:00,30.7,39,6,0.0
2017-06-23 21:00:00,25.2,69,3,0.0
2017-06-24 00:00:00,22.8,79,3,0.0
2017-06-24 03:00:00,19.9,85,3,0.0
2017-06-24 06:00:00,19.3,87,3,0.0
2017-06-24 09:00:00,27.0,60,0,0.0
2017-06-24 12:00:00,31.5,46,3,0.0
2017-06-24 15:00:00,33.8,35,3,0.0
2017-06-24 18:00:00,32.3,37,7,0.0
2017-06-24 21:00:00,26.8,59,2,0.0
2017-06-25 00:00:00,24.2,85,2,0.0
2017-06-25 03:00:00,21.7,84,2,0.0
2017-06-25 06:00:00,21.1,89,3,0.0
2017-06-25 09:00:00,27.0,66,1,0.0
2017-06-25 12:00:00,32.5,44,3,0.0
2017-06-25 15:00:00,35.9,40,8,0.0
2017-06-25 18:00:00,33.7,36,5,0.0
2017-06-25 21:00:00,26.8,76,3,0.0
2017-06-26 00:00:00,25.1,81,2,0.0
2017-06-26 03:00:00,28.5,45,2,0.0
2017-06-26 06:00:00,20.9,90,3,0.0
2017-06-26 09:00:00,29.2,59,2,0.0
2017-06-26 12:00:00,33.0,45,0,0.0
2017-06-26 15:00:00,34.3,47,5,0.0
2017-06-26 18:00:00,32.9,48,5,0.0
2017-06-26 21:00:00,28.1,68,4,0.0
2017-06-27 00:00:00,25.3,86,1,0.0
2017-06-27 03:00:00,22.6,92,2,0.0
2017-06-27 06:00:00,22.0,96,2,0.0
2017-06-27 09:00:00,27.5,70,3,0.0
2017-06-27 12:00:00,32.0,55,4,0.0
2017-06-27 15:00:00,34.5,43,2,0.0
2017-06-27 18:00:00,32.2,52,4,0.0
2017-06-27 21:00:00,27.1,73,3,0.0
2017-06-28 00:00:00,25.4,85,1,0.0
2017-06-28 03:00:00,23.0,94,1,0.0
2017-06-28 06:00:00,22.8,96,2,0.0
2017-06-28 09:00:00,27.7,69,2,0.0
2017-06-28 12:00:00,30.8,58,4,0.0
2017-06-28 15:00:00,32.8,50,5,0.0
2017-06-28 18:00:00,30.6,59,6,0.0
2017-06-28 21:00:00,26.9,76,4,0.0
2017-06-29 00:00:00,25.9,82,2,0.0
2017-06-29 03:00:00,25.2,88,2,0.0
2017-06-29 06:00:00,24.8,88,2,0.0
2017-06-29 09:00:00,27.9,70,2,0.0
2017-06-29 12:00:00,31.3,58,3,0.0
2017-06-29 15:00:00,32.7,54,6,0.0
2017-06-29 18:00:00,30.9,56,6,0.0
2017-06-29 21:00:00,26.5,70,3,0.0
2017-06-30 00:00:00,25.4,83,2,0.0
2017-06-30 03:00:00,24.6,88,2,0.0
2017-06-30 06:00:00,22.1,92,3,0.0
2017-06-30 09:00:00,28.0,70,2,0.0
2017-06-30 12:00:00,33.7,48,4,0.0
2017-06-30 15:00:00,37.2,38,6,0.0
2017-06-30 18:00:00,34.2,43,5,0.0
2017-06-30 21:00:00,27.9,74,2,0.0
2017-07-01 00:00:00,9.6,62,7,0.0
2017-07-01 03:00:00,9.3,62,6,0.0
2017-07-01 06:00:00,7.8,70,5,0.0
2017-07-01 09:00:00,8.3,71,3,0.0
2017-07-01 12:00:00,10.0,78,4,1.5
2017-07-01 15:00:00,12.3,77,3,3.0
2017-07-01 18:00:00,12.9,79,3,5.5
2017-07-01 21:00:00,10.4,97,2,8.0
2017-07-02 00:00:00,10.4,81,1,4.0
2017-07-02 03:00:00,10.7,74,2,0.0
2017-07-02 06:00:00,10.1,76,2,0.0
2017-07-02 09:00:00,8.8,84,2,0.0
2017-07-02 12:00:00,16.2,56,3,0.0
2017-07-02 15:00:00,18.7,44,3,0.0
2017-07-02 18:00:00,16.5,50,4,0.0
2017-07-02 21:00:00,12.5,58,4,0.0
2017-07-03 00:00:00,9.9,78,1,0.0
2017-07-03 03:00:00,9.5,75,2,0.0
2017-07-03 06:00:00,8.9,77,2,0.0
2017-07-03 09:00:00,14.2,57,2,0.0
2017-07-03 12:00:00,21.3,33,3,0.0
2017-07-03 15:00:00,22.7,24,3,0.0
2017-07-03 18:00:00,21.8,28,2,0.0
2017-07-03 21:00:00,16.3,56,1,0.0
2017-07-04 00:00:00,17.2,90,1,0.0
2017-07-04 03:00:00,15.5,99,2,0.0
2017-07-04 06:00:00,16.0,97,3,0.0
2017-07-04 09:00:00,18.5,83,3,0.0
2017-07-04 12:00:00,21.1,58,3,0.0
2017-07-04 15:00:00,21.3,60,8,0.0
2017-07-04 18:00:00,18.9,69,7,0.0
2017-07-04 21:00:00,17.1,82,2,0.0
2017-07-05 00:00:00,19.1,86,3,0.0
2017-07-05 03:00:00,18.4,93,4,0.0
2017-07-05 06:00:00,18.0,95,4,0.5
2017-07-05 09:00:00,19.2,88,7,1.0
2017-07-05 12:00:00,22.4,69,8,8.0
2017-07-05 15:00:00,23.2,59,8,15.0
2017-07-05 18:00:00,21.9,66,5,15.0
2017-07-05 21:00:00,19.0,74,2,15.0
2017-07-06 00:00:00,21.7,85,2,7.5
2017-07-06 03:00:00,18.6,95,3,0.0
2017-07-06 06:00:00,18.4,97,2,0.0
2017-07-06 09:00:00,24.0,73,1,0.0
2017-07-06 12:00:00,28.4,52,2,0.0
2017-07-06 15:00:00,31.8,44,2,0.0
2017-07-06 18:00:00,29.9,55,6,0.0
2017-07-06 21:00:00,25.1,69,2,0.0
2017-07-07 00:00:00,26.2,79,3,0.0
2017-07-07 03:00:00,25.6,81,1,0.0
2017-07-07 06:00:00,24.0,89,2,0.0
2017-07-07 09:00:00,29.4,64,2,0.0
2017-07-07 12:00:00,32.8,45,3,0.0
2017-07-07 15:00:00,35.0,46,6,0.0
2017-07-07 18:00:00,33.2,47,7,0.0
2017-07-07 21:00:00,28.5,63,2,0.0
2017-07-08 00:00:00,25.8,73,2,0.0
2017-07-08 03:00:00,23.4,82,2,0.0
2017-07-08 06:00:00,22.8,84,3,0.0
2017-07-08 09:00:00,28.7,64,2,0.0
2017-07-08 12:00:00,32.8,49,1,0.0
2017-07-08 15:00:00,36.0,36,3,0.0
2017-07-08 18:00:00,34.1,51,4,0.0
2017-07-08 21:00:00,28.5,70,2,0.0
2017-07-09 00:00:00,23.7,58,3,0.5
2017-07-09 03:00:00,21.3,77,5,1.0
2017-07-09 06:00:00,19.3,62,2,1.0
2017-07-09 09:00:00,26.5,34,7,1.0
2017-07-09 12:00:00,31.2,21,2,0.5
2017-07-09 15:00:00,33.6,17,4,0.0
2017-07-09 18:00:00,30.7,39,5,0.0
2017-07-09 21:00:00,24.7,58,2,0.0
2017-07-10 00:00:00,16.2,61,3,0.0
2017-07-10 03:00:00,15.5,58,2,0.0
2017-07-10 06:00:00,15.4,59,1,0.0
2017-07-10 09:00:00,22.0,38,2,0.0
2017-07-10 12:00:00,27.5,28,3,0.0
2017-07-10 15:00:00,30.1,21,3,0.0
2017-07-10 18:00:00,28.2,25,2,0.0
2017-07-10 21:00:00,20.1,51,3,0.0
2017-07-11 00:00:00,12.4,94,2,0.0
2017-07-11 03:00:00,12.0,89,2,0.0
2017-07-11 06:00:00,10.8,83,0,0.0
2017-07-11 09:00:00,14.2,73,2,0.0
2017-07-11 12:00:00,21.7,40,2,0.0
2017-07-11 15:00:00,23.8,32,2,0.0
2017-07-11 18:00:00,20.4,50,1,0.0
2017-07-11 21:00:00,15.8,73,2,0.0
2017-07-12 00:00:00,9.2,38,8,0.0
2017-07-12 03:00:00,6.7,47,5,0.0
2017-07-12 06:00:00,5.6,53,5,0.0
2017-07-12 09:00:00,7.0,46,5,0.0
2017-07-12 12:00:00,11.8,32,7,0.0
2017-07-12 15:00:00,14.4,37,2,0.0
2017-07-12 18:00:00,10.2,48,4,0.0
2017-07-12 21:00:00,7.8,50,3,0.0
2017-07-13 00:00:00,26.8,85,2,0.0
2017-07-13 03:00:00,25.6,90,3,0.0
2017-07-13 06:00:00,22.8,94,3,0.0
2017-07-13 09:00:00,29.0,70,3,0.0
2017-07-13 12:00:00,33.1,53,4,0.0
2017-07-13 15:00:00,35.0,48,6,0.0
2017-07-13 18:00:00,34.5,38,7,0.0
2017-07-13 21:00:00,28.4,77,2,0.0
2017-07-14 00:00:00,26.8,85,3,0.0
2017-07-14 03:00:00,25.9,88,0,0.0
2017-07-14 06:00:00,23.0,91,2,0.0
2017-07-14 09:00:00,29.0,71,3,0.0
2017-07-14 12:00:00,32.6,54,3,0.0
2017-07-14 15:00:00,35.1,46,7,0.0
2017-07-14 18:00:00,33.7,51,6,0.0
2017-07-14 21:00:00,28.0,78,2,0.0
2017-07-15 00:00:00,26.8,85,2,0.0
2017-07-15 03:00:00,26.2,87,2,0.0
2017-07-15 06:00:00,24.5,90,2,0.0
2017-07-15 09:00:00,29.5,68,0,0.0
2017-07-15 12:00:00,33.1,51,3,0.0
2017-07-15 15:00:00,34.5,51,6,0.0
2017-07-15 18:00:00,33.0,53,5,0.0
2017-07-15 21:00:00,27.9,77,3,0.0
2017-07-16 00:00:00,27.4,80,2,0.0
2017-07-16 03:00:00,26.2,85,0,0.0
2017-07-16 06:00:00,23.8,90,3,0.0
2017-07-16 09:00:00,29.4,69,2,0.0
2017-07-16 12:00:00,32.8,53,3,0.0
2017-07-16 15:00:00,34.7,54,3,0.0
2017-07-16 18:00:00,32.6,59,5,0.0
2017-07-16 21:00:00,28.3,71,3,0.0
2017-07-17 00:00:00,26.6,80,1,0.0
2017-07-17 03:00:00,24.4,87,2,0.0
2017-07-17 06:00:00,22.8,92,3,0.0
2017-07-17 09:00:00,29.2,67,2,0.0
2017-07-17 12:00:00,33.5,48,3,0.0
2017-07-17 15:00:00,36.9,39,3,0.0
2017-07-17 18:00:00,35.0,40,5,0.0
2017-07-17 21:00:00,28.7,68,3,0.0
2017-07-18 00:00:00,26.4,83,1,0.0
2017-07-18 03:00:00,23.0,89,2,0.0
2017-07-18 06:00:00,21.9,93,3,0.0
2017-07-18 09:00:00,28.2,73,2,0.0
2017-07-18 12:00:00,33.9,43,2,0.0
2017-07-18 15:00:00,36.0,36,8,0.0
2017-07-18 18:00:00,32.7,49,6,0.0
2017-07-18 21:00:00,28.2,75,4,0.0
2017-07-19 00:00:00,26.9,82,2,0.0
2017-07-19 03:00:00,25.3,84,3,0.0
2017-07-19 06:00:00,24.4,87,4,0.0
2017-07-19 09:00:00,29.4,68,2,0.0
2017-07-19 12:00:00,32.6,53,3,0.0
2017-07-19 15:00:00,34.7,46,8,0.0
2017-07-19 18:00:00,32.8,50,6,0.0
2017-07-19 21:00:00,28.2,66,3,0.0
2017-07-20 00:00:00,26.7,72,1,0.0
2017-07-20 03:00:00,23.7,79,2,0.0
2017-07-20 06:00:00,22.7,81,3,0.0
2017-07-20 09:00:00,28.6,65,3,0.0
2017-07-20 12:00:00,32.2,48,2,0.0
2017-07-20 15:00:00,33.6,50,6,0.0
2017-07-20 18:00:00,31.5,58,6,0.0
2017-07-20 21:00:00,27.7,75,3,0.0
2017-07-21 00:00:00,26.6,79,0,0.0
2017-07-21 03:00:00,26.0,76,0,0.0
2017-07-21 06:00:00,24.4,83,1,0.0
2017-07-21 09:00:00,29.1,66,1,0.0
2017-07-21 12:00:00,32.7,49,3,0.0
2017-07-21 15:00:00,34.0,54,7,0.0
2017-07-21 18:00:00,32.5,56,6,0.0
2017-07-21 21:00:00,28.4,71,4,0.0
2017-07-22 00:00:00,27.2,81,3,0.0
2017-07-22 03:00:00,26.5,85,2,0.0
2017-07-22 06:00:00,26.1,86,2,0.0
2017-07-22 09:00:00,29.0,74,2,0.0
2017-07-22 12:00:00,33.3,50,3,0.0
2017-07-22 15:00:00,33.8,55,8,0.0
2017-07-22 18:00:00,31.8,57,5,0.0
2017-07-22 21:00:00,28.3,70,2,0.0
2017-07-23 00:00:00,26.7,79,3,0.0
2017-07-23 03:00:00,26.5,81,2,0.0
2017-07-23 06:00:00,26.8,83,1,0.0
2017-07-23 09:00:00,28.5,73,0,0.0
2017-07-23 12:00:00,33.6,53,5,0.0
2017-07-23 15:00:00,34.7,51,7,0.0
2017-07-23 18:00:00,33.0,56,6,0.0
2017-07-23 21:00:00,28.6,77,3,0.0
2017-07-24 00:00:00,27.4,83,3,0.0
2017-07-24 03:00:00,26.7,84,1,0.0
2017-07-24 06:00:00,24.1,88,2,0.0
2017-07-24 09:00:00,29.4,69,3,0.0
2017-07-24 12:00:00,33.5,45,4,0.0
2017-07-24 15:00:00,34.6,51,7,0.0
2017-07-24 18:00:00,33.3,47,8,0.0
2017-07-24 21:00:00,28.7,66,3,0.0
2017-07-25 00:00:00,27.6,81,2,0.0
2017-07-25 03:00:00,26.3,75,2,0.0
2017-07-25 06:00:00,24.2,87,3,0.0
2017-07-25 09:00:00,28.8,72,0,0.0
2017-07-25 12:00:00,33.5,48,4,0.0
2017-07-25 15:00:00,35.7,45,8,0.0
2017-07-25 18:00:00,33.8,43,6,0.0
2017-07-25 21:00:00,29.6,60,3,0.0
2017-07-26 00:00:00,28.1,84,2,0.0
2017-07-26 03:00:00,27.7,85,2,0.0
2017-07-26 06:00:00,25.4,87,3,0.0
2017-07-26 09:00:00,30.7,64,2,0.0
2017-07-26 12:00:00,33.4,53,3,0.0
2017-07-26 15:00:00,36.3,46,4,0.0
2017-07-26 18:00:00,33.9,55,5,0.0
2017-07-26 21:00:00,28.9,78,5,0.0
2017-07-27 00:00:00,28.0,85,2,0.0
2017-07-27 03:00:00,27.4,84,2,0.0
2017-07-27 06:00:00,25.9,89,3,0.0
2017-07-27 09:00:00,30.5,67,1,0.0
2017-07-27 12:00:00,34.0,49,4,0.0
2017-07-27 15:00:00,36.0,46,5,0.0
2017-07-27 18:00:00,33.9,48,5,0.0
2017-07-27 21:00:00,29.4,76,3,0.0
2017-07-28 00:00:00,28.0,82,1,0.0
2017-07-28 03:00:00,27.0,84,1,0.0
2017-07-28 06:00:00,26.1,88,1,0.0
2017-07-28 09:00:00,28.9,65,2,0.0
2017-07-28 12:00:00,32.7,49,4,0.0
2017-07-28 15:00:00,33.4,38,7,0.0
2017-07-28 18:00:00,32.0,43,7,0.0
2017-07-28 21:00:00,27.2,64,3,0.0
2017-07-29 00:00:00,25.4,72,2,0.0
2017-07-29 03:00:00,22.3,80,2,0.0
2017-07-29 06:00:00,22.0,80,3,0.0
2017-07-29 09:00:00,28.2,60,2,0.0
2017-07-29 12:00:00,31.7,46,2,0.0
2017-07-29 15:00:00,33.5,44,5,0.0
2017-07-29 18:00:00,32.2,46,5,0.0
2017-07-29 21:00:00,27.7,69,4,0.0
2017-07-30 00:00:00,26.6,67,0,0.0
2017-07-30 03:00:00,22.5,81,3,0.0
2017-07-30 06:00:00,21.6,84,3,0.0
2017-07-30 09:00:00,28.9,63,0,0.0
2017-07-30 12:00:00,33.2,47,4,0.0
2017-07-30 15:00:00,37.4,33,5,0.0
2017-07-30 18:00:00,34.3,36,6,0.0
2017-07-30 21:00:00,28.1,77,4,0.0
2017-07-31 00:00:00,27.0,77,1,0.0
2017-07-31 03:00:00,23.8,85,3,0.0
2017-07-31 06:00:00,22.7,89,3,0.0
2017-07-31 09:00:00,29.4,63,1,0.0
2017-07-31 12:00:00,33.4,49,3,0.0
2017-07-31 15:00:00,36.5,45,6,0.0
2017-07-31 18:00:00,34.3,46,5,0.0
2017-07-31 21:00:00,29.1,66,3,0.0
2017-08-01 00:00:00,10.0,99,2,2.0
2017-08-01 03:00:00,9.6,97,5,4.0
2017-08-01 06:00:00,9.0,99,3,6.0
2017-08-01 09:00:00,8.9,97,5,8.0
2017-08-01 12:00:00,9.8,89,4,5.5
2017-08-01 15:00:00,12.0,91,4,3.0
2017-08-01 18:00:00,11.5,82,3,4.0
2017-08-01 21:00:00,9.8,71,4,5.0
2017-08-02 00:00:00,11.8,54,6,2.5
2017-08-02 03:00:00,12.1,53,7,0.0
2017-08-02 06:00:00,12.4,49,9,0.0
2017-08-02 09:00:00,13.7,45,10,0.0
2017-08-02 12:00:00,17.4,37,10,0.0
2017-08-02 15:00:00,19.0,31,10,0.0
2017-08-02 18:00:00,16.6,36,8,0.0
2017-08-02 21:00:00,14.3,39,7,0.0
2017-08-03 00:00:00,8.9,81,4,0.0
2017-08-03 03:00:00,8.0,81,3,0.0
2017-08-03 06:00:00,7.8,83,4,0.0
2017-08-03 09:00:00,12.7,70,4,0.0
2017-08-03 12:00:00,19.0,62,1,0.0
2017-08-03 15:00:00,21.9,34,1,0.0
2017-08-03 18:00:00,21.1,34,2,0.0
2017-08-03 21:00:00,15.3,74,2,0.0
2017-08-04 00:00:00,14.1,99,4,6.0
2017-08-04 03:00:00,13.3,99,2,12.0
2017-08-04 06:00:00,13.5,98,3,12.0
2017-08-04 09:00:00,19.0,72,5,12.0
2017-08-04 12:00:00,14.2,83,5,6.1
2017-08-04 15:00:00,17.2,70,6,0.2
2017-08-04 18:00:00,15.6,84,4,0.6
2017-08-04 21:00:00,15.9,80,7,1.0
2017-08-05 00:00:00,18.2,95,2,0.5
2017-08-05 03:00:00,18.1,99,2,0.0
2017-08-05 06:00:00,17.2,100,3,0.1
2017-08-05 09:00:00,19.8,83,5,0.2
2017-08-05 12:00:00,23.5,64,4,0.1
2017-08-05 15:00:00,23.5,64,7,0.0
2017-08-05 18:00:00,21.8,72,4,0.0
2017-08-05 21:00:00,19.4,88,2,0.0
2017-08-06 00:00:00,22.1,83,1,0.0
2017-08-06 03:00:00,19.4,93,2,0.0
2017-08-06 06:00:00,19.0,96,2,0.0
2017-08-06 09:00:00,26.4,64,2,0.0
2017-08-06 12:00:00,32.3,40,3,0.0
2017-08-06 15:00:00,36.0,26,3,0.0
2017-08-06 18:00:00,33.7,38,5,0.0
2017-08-06 21:00:00,27.9,52,2,0.0
2017-08-07 00:00:00,26.7,63,2,0.0
2017-08-07 03:00:00,25.2,38,4,0.0
2017-08-07 06:00:00,21.9,44,3,0.0
2017-08-07 09:00:00,30.2,25,3,0.0
2017-08-07 12:00:00,34.9,16,2,0.0
2017-08-07 15:00:00,34.9,33,6,0.0
2017-08-07 18:00:00,32.6,37,8,0.0
2017-08-07 21:00:00,27.6,55,3,0.0
2017-08-08 00:00:00,26.0,76,2,0.0
2017-08-08 03:00:00,22.7,85,2,0.0
2017-08-08 06:00:00,22.8,84,2,0.0
2017-08-08 09:00:00,31.0,53,2,0.0
2017-08-08 12:00:00,37.3,34,2,0.0
2017-08-08 15:00:00,42.4,19,3,0.0
2017-08-08 18:00:00,40.3,34,4,0.0
2017-08-08 21:00:00,29.5,74,4,0.0
2017-08-09 00:00:00,20.1,69,2,0.0
2017-08-09 03:00:00,18.6,71,3,0.0
2017-08-09 06:00:00,17.4,74,4,0.0
2017-08-09 09:00:00,29.2,26,4,0.0
2017-08-09 12:00:00,33.6,17,2,0.0
2017-08-09 15:00:00,35.4,16,3,0.0
2017-08-09 18:00:00,32.5,33,6,0.0
2017-08-09 21:00:00,25.8,38,2,0.0
2017-08-10 00:00:00,17.0,61,4,0.0
2017-08-10 03:00:00,19.7,52,3,0.0
2017-08-10 06:00:00,18.6,52,1,0.0
2017-08-10 09:00:00,20.6,50,0,0.0
2017-08-10 12:00:00,28.7,24,2,0.0
2017-08-10 15:00:00,30.4,30,4,0.0
2017-08-10 18:00:00,26.0,50,5,0.0
2017-08-10 21:00:00,24.0,58,2,0.0
2017-08-11 00:00:00,12.2,78,3,0.0
2017-08-11 03:00:00,11.5,76,0,0.0
2017-08-11 06:00:00,14.6,55,2,0.0
2017-08-11 09:00:00,15.8,63,2,0.0
2017-08-11 12:00:00,22.8,35,7,0.0
2017-08-11 15:00:00,24.8,32,4,0.0
2017-08-11 18:00:00,20.7,46,0,0.0
2017-08-11 21:00:00,16.7,52,2,0.0
2017-08-12 00:00:00,4.4,65,2,0.0
2017-08-12 03:00:00,3.2,71,3,0.0
2017-08-12 06:00:00,1.9,74,3,0.0
2017-08-12 09:00:00,4.5,74,2,0.0
2017-08-12 12:00:00,13.6,40,2,0.0
2017-08-12 15:00:00,14.7,44,0,0.0
2017-08-12 18:00:00,12.0,58,2,0.0
2017-08-12 21:00:00,5.0,87,4,0.0
2017-08-13 00:00:00,27.5,81,3,0.0
2017-08-13 03:00:00,27.1,82,2,0.0
2017-08-13 06:00:00,27.3,81,1,0.0
2017-08-13 09:00:00,30.0,72,4,0.0
2017-08-13 12:00:00,33.8,55,5,0.0
2017-08-13 15:00:00,34.6,53,5,0.0
2017-08-13 18:00:00,31.8,61,7,0.0
2017-08-13 21:00:00,28.4,78,2,0.0
2017-08-14 00:00:00,27.6,80,3,0.0
2017-08-14 03:00:00,26.9,82,1,0.0
2017-08-14 06:00:00,26.2,83,1,0.0
2017-08-14 09:00:00,29.4,71,2,0.0
2017-08-14 12:00:00,33.5,54,4,0.0
2017-08-14 15:00:00,34.3,52,7,0.0
2017-08-14 18:00:00,32.0,60,6,0.0
2017-08-14 21:00:00,28.7,76,4,0.0
2017-08-15 00:00:00,27.7,78,2,0.0
2017-08-15 03:00:00,27.1,82,1,0.0
2017-08-15 06:00:00,25.7,85,2,0.0
2017-08-15 09:00:00,30.1,68,2,0.0
2017-08-15 12:00:00,33.4,53,4,0.0
2017-08-15 15:00:00,34.7,54,6,0.0
2017-08-15 18:00:00,32.8,57,5,0.0
2017-08-15 21:00:00,29.3,72,3,0.0
2017-08-16 00:00:00,28.2,79,4,0.0
2017-08-16 03:00:00,26.7,83,1,0.0
2017-08-16 06:00:00,25.5,87,2,0.0
2017-08-16 09:00:00,29.2,67,2,0.0
2017-08-16 12:00:00,33.2,50,3,0.0
2017-08-16 15:00:00,34.0,45,6,0.0
2017-08-16 18:00:00,31.8,61,5,0.0
2017-08-16 21:00:00,28.7,75,3,0.0
2017-08-17 00:00:00,27.4,79,2,0.0
2017-08-17 03:00:00,27.1,81,1,0.0
2017-08-17 06:00:00,26.3,87,1,0.0
2017-08-17 09:00:00,29.2,68,2,0.0
2017-08-17 12:00:00,32.7,51,2,0.0
2017-08-17 15:00:00,34.1,50,8,0.0
2017-08-17 18:00:00,31.5,59,6,0.0
2017-08-17 21:00:00,27.7,72,2,0.0
2017-08-18 00:00:00,26.4,80,1,0.0
2017-08-18 03:00:00,25.9,79,1,0.0
2017-08-18 06:00:00,23.9,84,2,0.0
2017-08-18 09:00:00,29.0,68,3,0.0
2017-08-18 12:00:00,32.7,50,2,0.0
2017-08-18 15:00:00,33.1,49,7,0.0
2017-08-18 18:00:00,31.5,50,6,0.0
2017-08-18 21:00:00,27.2,69,2,0.0
2017-08-19 00:00:00,26.2,72,2,0.0
2017-08-19 03:00:00,26.4,73,2,0.0
2017-08-19 06:00:00,25.5,77,2,0.0
2017-08-19 09:00:00,28.8,66,2,0.0
2017-08-19 12:00:00,29.9,62,4,0.0
2017-08-19 15:00:00,32.7,53,5,0.0
2017-08-19 18:00:00,31.4,57,5,0.0
2017-08-19 21:00:00,27.5,68,3,0.0
2017-08-20 00:00:00,26.4,75,2,0.0
2017-08-20 03:00:00,26.3,77,2,0.0
2017-08-20 06:00:00,24.2,83,2,0.0
2017-08-20 09:00:00,29.0,67,2,0.0
2017-08-20 12:00:00,32.7,51,4,0.0
2017-08-20 15:00:00,34.0,47,7,0.0
2017-08-20 18:00:00,32.0,55,6,0.0
2017-08-20 21:00:00,27.6,69,2,0.0
2017-08-21 00:00:00,26.1,75,1,0.0
2017-08-21 03:00:00,24.5,81,2,0.0
2017-08-21 06:00:00,24.0,83,2,0.0
2017-08-21 09:00:00,28.0,71,1,0.0
2017-08-21 12:00:00,32.7,49,2,0.0
2017-08-21 15:00:00,33.6,41,6,0.0
2017-08-21 18:00:00,30.9,49,7,0.0
2017-08-21 21:00:00,26.9,68,2,0.0
2017-08-22 00:00:00,25.9,73,1,0.0
2017-08-22 03:00:00,23.4,78,2,0.0
2017-08-22 06:00:00,22.0,83,3,0.0
2017-08-22 09:00:00,28.5,63,2,0.0
2017-08-22 12:00:00,31.6,49,4,0.0
2017-08-22 15:00:00,32.9,50,8,0.0
2017-08-22 18:00:00,31.0,56,6,0.0
2017-08-22 21:00:00,27.6,75,2,0.0
2017-08-23 00:00:00,26.7,76,1,0.0
2017-08-23 03:00:00,24.4,83,3,0.0
2017-08-23 06:00:00,22.8,85,3,0.0
2017-08-23 09:00:00,29.2,67,2,0.0
2017-08-23 12:00:00,32.2,50,2,0.0
2017-08-23 15:00:00,33.4,48,5,0.0
2017-08-23 18:00:00,31.9,56,5,0.0
2017-08-23 21:00:00,27.5,76,2,0.0
2017-08-24 00:00:00,26.6,80,1,0.0
2017-08-24 03:00:00,24.7,83,2,0.0
2017-08-24 06:00:00,22.8,89,2,0.0
2017-08-24 09:00:00,28.4,70,0,0.0
2017-08-24 12:00:00,32.2,53,3,0.0
2017-08-24 15:00:00,34.4,48,4,0.0
2017-08-24 18:00:00,32.6,53,5,0.0
2017-08-24 21:00:00,27.9,81,2,0.0
2017-08-25 00:00:00,27.0,85,2,0.0
2017-08-25 03:00:00,25.1,88,1,0.0
2017-08-25 06:00:00,24.2,87,1,0.0
2017-08-25 09:00:00,28.8,74,3,0.0
2017-08-25 12:00:00,33.5,49,2,0.0
2017-08-25 15:00:00,35.8,48,5,0.0
2017-08-25 18:00:00,34.2,41,5,0.0
2017-08-25 21:00:00,28.2,78,2,0.0
2017-08-26 00:00:00,26.3,82,2,0.0
2017-08-26 03:00:00,24.1,88,3,0.0
2017-08-26 06:00:00,22.3,92,2,0.0
2017-08-26 09:00:00,28.5,74,1,0.0
2017-08-26 12:00:00,34.1,46,3,0.0
2017-08-26 15:00:00,36.4,39,5,0.0
2017-08-26 18:00:00,34.4,34,5,0.0
2017-08-26 21:00:00,28.4,60,2,0.0
2017-08-27 00:00:00,25.5,72,3,0.0
2017-08-27 03:00:00,23.6,79,3,0.0
2017-08-27 06:00:00,23.4,83,3,0.0
2017-08-27 09:00:00,29.4,68,2,0.0
2017-08-27 12:00:00,33.6,44,2,0.0
2017-08-27 15:00:00,35.0,50,7,0.0
2017-08-27 18:00:00,33.1,51,4,0.0
2017-08-27 21:00:00,28.3,71,1,0.0
2017-08-28 00:00:00,26.8,80,1,0.0
2017-08-28 03:00:00,24.6,82,1,0.0
2017-08-28 06:00:00,23.1,89,3,0.0
2017-08-28 09:00:00,28.1,73,3,0.0
2017-08-28 12:00:00,32.2,51,5,0.0
2017-08-28 15:00:00,33.5,50,5,0.0
2017-08-28 18:00:00,30.4,66,6,0.0
2017-08-28 21:00:00,27.5,75,2,0.0
2017-08-29 00:00:00,26.8,80,2,0.0
2017-08-29 03:00:00,26.3,83,2,0.0
2017-08-29 06:00:00,25.4,85,1,0.0
2017-08-29 09:00:00,28.9,69,5,0.0
2017-08-29 12:00:00,32.4,53,5,0.0
2017-08-29 15:00:00,33.6,53,6,0.0
2017-08-29 18:00:00,30.8,61,7,0.0
2017-08-29 21:00:00,27.6,75,3,0.0
2017-08-30 00:00:00,26.6,79,1,0.0
2017-08-30 03:00:00,25.9,82,1,0.0
2017-08-30 06:00:00,25.3,83,0,0.0
2017-08-30 09:00:00,29.0,68,3,0.0
2017-08-30 12:00:00,31.9,55,6,0.0
2017-08-30 15:00:00,32.6,53,5,0.0
2017-08-30 18:00:00,30.8,59,5,0.0
2017-08-30 21:00:00,27.2,67,2,0.0
2017-08-31 00:00:00,25.8,75,1,0.0
2017-08-31 03:00:00,23.9,80,3,0.0
2017-08-31 06:00:00,22.7,85,3,0.0
2017-08-31 09:00:00,28.1,69,2,0.0
2017-08-31 12:00:00,31.3,53,2,0.0
2017-08-31 15:00:00,33.9,45,4,0.0
2017-08-31 18:00:00,30.6,59,6,0.0
2017-08-31 21:00:00,27.3,74,2,0.0
2017-09-01 00:00:00,8.4,84,4,1.5
2017-09-01 03:00:00,8.0,87,4,3.0
2017-09-01 06:00:00,6.6,91,3,5.0
2017-09-01 09:00:00,6.4,89,2,7.0
2017-09-01 12:00:00,7.8,86,4,3.6
2017-09-01 15:00:00,9.4,74,4,0.2
2017-09-01 18:00:00,5.8,77,4,0.2
2017-09-01 21:00:00,5.8,81,3,0.2
2017-09-02 00:00:00,13.5,42,7,0.1
2017-09-02 03:00:00,11.0,51,3,0.0
2017-09-02 06:00:00,10.0,55,5,0.0
2017-09-02 09:00:00,11.0,54,4,0.0
2017-09-02 12:00:00,16.4,41,3,0.0
2017-09-02 15:00:00,18.6,33,1,0.0
2017-09-02 18:00:00,16.5,43,4,0.0
2017-09-02 21:00:00,12.9,67,0,0.0
2017-09-03 00:00:00,12.7,86,2,0.0
2017-09-03 03:00:00,13.3,76,1,0.0
2017-09-03 06:00:00,10.6,86,2,0.0
2017-09-03 09:00:00,15.0,62,3,0.0
2017-09-03 12:00:00,22.6,33,5,0.0
2017-09-03 15:00:00,25.2,24,5,0.0
2017-09-03 18:00:00,22.1,38,3,0.0
2017-09-03 21:00:00,17.8,44,6,0.0
2017-09-04 00:00:00,12.7,75,7,1.0
2017-09-04 03:00:00,11.0,77,8,2.0
2017-09-04 06:00:00,11.5,72,6,2.5
2017-09-04 09:00:00,10.6,82,2,3.0
2017-09-04 12:00:00,16.8,45,6,2.0
2017-09-04 15:00:00,19.5,34,4,1.0
2017-09-04 18:00:00,16.8,54,6,1.0
2017-09-04 21:00:00,13.4,62,3,1.0
2017-09-05 00:00:00,18.5,98,1,0.5
2017-09-05 03:00:00,16.7,98,3,0.0
2017-09-05 06:00:00,16.4,99,1,0.0
2017-09-05 09:00:00,21.0,82,2,0.0
2017-09-05 12:00:00,24.6,53,2,0.0
2017-09-05 15:00:00,26.0,54,2,0.0
2017-09-05 18:00:00,26.1,54,3,0.0
2017-09-05 21:00:00,20.2,82,2,0.0
2017-09-06 00:00:00,23.8,72,2,0.0
2017-09-06 03:00:00,19.8,83,2,0.0
2017-09-06 06:00:00,19.5,89,2,0.0
2017-09-06 09:00:00,28.1,57,0,0.0
2017-09-06 12:00:00,33.2,43,2,0.0
2017-09-06 15:00:00,33.4,40,6,0.0
2017-09-06 18:00:00,31.1,40,5,0.0
2017-09-06 21:00:00,26.0,66,4,0.0
2017-09-07 00:00:00,24.1,63,3,0.0
2017-09-07 03:00:00,20.5,76,2,0.0
2017-09-07 06:00:00,20.5,76,3,0.0
2017-09-07 09:00:00,29.0,47,2,0.0
2017-09-07 12:00:00,33.9,30,4,0.0
2017-09-07 15:00:00,36.1,28,4,0.0
2017-09-07 18:00:00,33.6,33,7,0.0
2017-09-07 21:00:00,28.0,59,3,0.0
2017-09-08 00:00:00,27.8,82,3,0.0
2017-09-08 03:00:00,26.0,87,2,0.0
2017-09-08 06:00:00,24.5,90,2,0.0
2017-09-08 09:00:00,29.9,69,2,0.0
2017-09-08 12:00:00,33.6,53,2,0.0
2017-09-08 15:00:00,36.6,44,4,0.0
2017-09-08 18:00:00,33.3,58,5,0.0
2017-09-08 21:00:00,28.9,71,2,0.0
2017-09-09 00:00:00,19.5,70,2,0.0
2017-09-09 03:00:00,18.2,71,3,0.0
2017-09-09 06:00:00,17.7,72,2,0.0
2017-09-09 09:00:00,26.9,49,1,0.0
2017-09-09 12:00:00,32.3,32,3,0.0
2017-09-09 15:00:00,35.7,20,4,0.0
2017-09-09 18:00:00,32.2,39,5,0.0
2017-09-09 21:00:00,26.2,54,1,0.0
2017-09-10 00:00:00,20.1,70,2,1.0
2017-09-10 03:00:00,20.2,87,2,2.0
2017-09-10 06:00:00,18.5,91,3,5.5
2017-09-10 09:00:00,21.4,76,3,9.0
2017-09-10 12:00:00,25.4,59,3,4.5
2017-09-10 15:00:00,24.7,57,3,0.0
2017-09-10 18:00:00,24.4,66,3,0.1
2017-09-10 21:00:00,19.8,80,4,0.2
2017-09-11 00:00:00,14.8,57,1,0.1
2017-09-11 03:00:00,11.6,72,3,0.0
2017-09-11 06:00:00,10.4,76,2,0.0
2017-09-11 09:00:00,15.7,53,2,0.0
2017-09-11 12:00:00,23.2,27,2,0.0
2017-09-11 15:00:00,24.4,25,2,0.0
2017-09-11 18:00:00,19.3,54,3,0.0
2017-09-11 21:00:00,13.2,81,2,0.0
2017-09-12 00:00:00,5.2,75,2,0.0
2017-09-12 03:00:00,4.9,76,0,0.0
2017-09-12 06:00:00,5.2,74,1,0.0
2017-09-12 09:00:00,6.0,80,3,0.0
2017-09-12 12:00:00,13.7,45,3,0.0
2017-09-12 15:00:00,16.1,43,0,0.0
2017-09-12 18:00:00,13.4,57,2,0.0
2017-09-12 21:00:00,7.5,82,2,0.0
2017-09-13 00:00:00,23.2,86,3,0.0
2017-09-13 03:00:00,22.2,89,4,0.0
2017-09-13 06:00:00,21.6,95,2,0.0
2017-09-13 09:00:00,27.2,75,1,0.0
2017-09-13 12:00:00,31.4,59,3,0.0
2017-09-13 15:00:00,34.3,47,5,0.0
2017-09-13 18:00:00,31.3,59,5,0.0
2017-09-13 21:00:00,26.4,80,2,0.0
2017-09-14 00:00:00,25.0,85,1,0.0
2017-09-14 03:00:00,22.8,90,2,0.0
2017-09-14 06:00:00,22.3,95,2,0.0
2017-09-14 09:00:00,26.9,75,1,0.0
2017-09-14 12:00:00,31.6,59,3,0.0
2017-09-14 15:00:00,34.7,49,5,0.0
2017-09-14 18:00:00,32.5,53,3,0.0
2017-09-14 21:00:00,26.7,78,2,0.0
2017-09-15 00:00:00,24.5,80,2,0.0
2017-09-15 03:00:00,23.4,83,2,0.0
2017-09-15 06:00:00,23.1,83,2,0.0
2017-09-15 09:00:00,27.9,68,2,0.0
2017-09-15 12:00:00,32.7,52,2,0.0
2017-09-15 15:00:00,36.3,41,4,0.0
2017-09-15 18:00:00,30.1,67,5,0.0
2017-09-15 21:00:00,27.6,77,2,0.0
2017-09-16 00:00:00,27.0,80,1,0.0
2017-09-16 03:00:00,25.7,80,1,0.0
2017-09-16 06:00:00,25.5,84,2,0.0
2017-09-16 09:00:00,27.7,77,1,0.0
2017-09-16 12:00:00,31.3,58,2,0.0
2017-09-16 15:00:00,34.1,50,4,0.0
2017-09-16 18:00:00,30.6,59,6,0.0
2017-09-16 21:00:00,27.3,75,4,0.0
2017-09-17 00:00:00,26.4,75,1,0.0
2017-09-17 03:00:00,26.7,75,0,0.0
2017-09-17 06:00:00,24.6,83,2,0.0
2017-09-17 09:00:00,27.3,74,1,0.0
2017-09-17 12:00:00,31.6,57,3,0.0
2017-09-17 15:00:00,33.6,52,4,0.0
2017-09-17 18:00:00,29.7,63,6,0.0
2017-09-17 21:00:00,28.1,69,2,0.0
2017-09-18 00:00:00,27.6,72,1,0.0
2017-09-18 03:00:00,27.2,71,2,0.0
2017-09-18 06:00:00,24.0,80,2,0.0
2017-09-18 09:00:00,27.9,71,2,0.0
2017-09-18 12:00:00,32.3,55,4,0.0
2017-09-18 15:00:00,33.2,55,3,0.0
2017-09-18 18:00:00,30.6,62,5,0.0
2017-09-18 21:00:00,27.4,75,3,0.0
2017-09-19 00:00:00,26.8,76,0,0.0
2017-09-19 03:00:00,25.5,80,2,0.0
2017-09-19 06:00:00,23.6,84,2,0.0
2017-09-19 09:00:00,27.5,77,0,0.0
2017-09-19 12:00:00,31.9,60,3,0.0
2017-09-19 15:00:00,33.9,52,5,0.0
2017-09-19 18:00:00,30.8,63,6,0.0
2017-09-19 21:00:00,27.2,78,3,0.0
2017-09-20 00:00:00,26.5,81,2,0.0
2017-09-20 03:00:00,25.7,80,1,0.0
2017-09-20 06:00:00,24.0,85,2,0.0
2017-09-20 09:00:00,27.2,78,2,0.0
2017-09-20 12:00:00,31.5,59,3,0.0
2017-09-20 15:00:00,33.1,51,6,0.0
2017-09-20 18:00:00,30.1,64,5,0.0
2017-09-20 21:00:00,27.6,76,2,0.0
2017-09-21 00:00:00,26.8,78,2,0.0
2017-09-21 03:00:00,25.6,82,2,0.0
2017-09-21 06:00:00,25.0,83,1,0.0
2017-09-21 09:00:00,27.8,76,2,0.0
2017-09-21 12:00:00,31.1,60,4,0.0
2017-09-21 15:00:00,32.3,57,6,0.0
2017-09-21 18:00:00,29.5,66,6,0.0
2017-09-21 21:00:00,26.8,75,2,0.0
2017-09-22 00:00:00,26.1,79,2,0.0
2017-09-22 03:00:00,25.5,81,2,0.0
2017-09-22 06:00:00,25.3,82,2,0.0
2017-09-22 09:00:00,28.0,67,5,0.0
2017-09-22 12:00:00,30.0,58,6,0.0
2017-09-22 15:00:00,31.1,40,8,0.0
2017-09-22 18:00:00,28.3,48,8,0.0
2017-09-22 21:00:00,24.8,63,2,0.0
2017-09-23 00:00:00,20.1,74,3,0.0
2017-09-23 03:00:00,19.6,76,3,0.0
2017-09-23 06:00:00,20.5,71,3,0.05
2017-09-23 09:00:00,25.4,59,2,0.1
2017-09-23 12:00:00,29.1,45,5,0.05
2017-09-23 15:00:00,30.1,44,6,0.0
2017-09-23 18:00:00,27.3,52,6,0.0
2017-09-23 21:00:00,24.0,65,1,0.0
2017-09-24 00:00:00,20.4,74,3,0.0
2017-09-24 03:00:00,18.4,79,3,0.0
2017-09-24 06:00:00,17.9,83,2,0.0
2017-09-24 09:00:00,25.1,62,1,0.0
2017-09-24 12:00:00,29.2,47,2,0.0
2017-09-24 15:00:00,32.0,36,3,0.0
2017-09-24 18:00:00,28.6,52,4,0.0
2017-09-24 21:00:00,24.3,65,1,0.0
2017-09-25 00:00:00,21.2,73,1,0.0
2017-09-25 03:00:00,19.3,80,2,0.0
2017-09-25 06:00:00,17.2,85,2,0.0
2017-09-25 09:00:00,24.6,60,1,0.0
2017-09-25 12:00:00,30.1,43,3,0.0
2017-09-25 15:00:00,33.1,34,4,0.0
2017-09-25 18:00:00,28.8,52,5,0.0
2017-09-25 21:00:00,24.8,69,2,0.0
2017-09-26 00:00:00,21.9,78,3,0.0
2017-09-26 03:00:00,22.3,76,2,0.0
2017-09-26 06:00:00,21.2,81,2,0.0
2017-09-26 09:00:00,26.5,69,2,0.0
2017-09-26 12:00:00,30.0,53,3,0.0
2017-09-26 15:00:00,31.2,49,7,0.0
2017-09-26 18:00:00,28.4,55,6,0.0
2017-09-26 21:00:00,25.0,65,3,0.0
2017-09-27 00:00:00,23.0,72,2,0.0
2017-09-27 03:00:00,20.0,82,2,0.0
2017-09-27 06:00:00,19.2,87,3,0.0
2017-09-27 09:00:00,26.0,65,3,0.0
2017-09-27 12:00:00,29.4,48,2,0.0
2017-09-27 15:00:00,30.4,44,5,0.0
2017-09-27 18:00:00,27.4,59,5,0.0
2017-09-27 21:00:00,24.2,70,3,0.0
2017-09-28 00:00:00,23.8,71,2,0.0
2017-09-28 03:00:00,20.5,80,3,0.0
2017-09-28 06:00:00,19.6,87,3,0.0
2017-09-28 09:00:00,26.4,65,2,0.0
2017-09-28 12:00:00,29.4,52,3,0.0
2017-09-28 15:00:00,32.0,40,5,0.0
2017-09-28 18:00:00,28.4,56,6,0.0
2017-09-28 21:00:00,24.3,73,3,0.0
2017-09-29 00:00:00,22.4,76,2,0.0
2017-09-29 03:00:00,20.4,81,3,0.0
2017-09-29 06:00:00,19.2,87,4,0.0
2017-09-29 09:00:00,24.8,67,1,0.0
2017-09-29 12:00:00,28.8,49,1,0.0
2017-09-29 15:00:00,31.8,35,4,0.0
2017-09-29 18:00:00,28.4,56,7,0.0
2017-09-29 21:00:00,23.8,74,3,0.0
2017-09-30 00:00:00,22.4,78,2,0.0
2017-09-30 03:00:00,22.4,76,2,0.0
2017-09-30 06:00:00,21.4,81,2,0.0
2017-09-30 09:00:00,25.7,63,2,0.0
2017-09-30 12:00:00,27.6,56,4,0.0
2017-09-30 15:00:00,29.0,46,3,0.0
2017-09-30 18:00:00,24.4,63,4,0.0
2017-09-30 21:00:00,21.4,74,3,0.0
2017-10-01 00:00:00,4.6,87,1,0.0
2017-10-01 03:00:00,4.2,85,3,0.0
2017-10-01 06:00:00,3.5,82,1,0.0
2017-10-01 09:00:00,5.4,73,4,0.0
2017-10-01 12:00:00,9.1,55,7,0.0
2017-10-01 15:00:00,9.5,58,7,0.0
2017-10-01 18:00:00,9.3,65,6,0.0
2017-10-01 21:00:00,8.2,67,6,0.0
2017-10-02 00:00:00,6.9,81,2,0.0
2017-10-02 03:00:00,5.2,91,2,0.0
2017-10-02 06:00:00,6.6,81,3,0.0
2017-10-02 09:00:00,7.6,82,2,0.0
2017-10-02 12:00:00,16.1,46,0,0.0
2017-10-02 15:00:00,19.3,33,1,0.0
2017-10-02 18:00:00,17.7,34,2,0.0
2017-10-02 21:00:00,10.8,69,1,0.0
2017-10-03 00:00:00,17.8,41,7,0.0
2017-10-03 03:00:00,18.0,39,7,0.0
2017-10-03 06:00:00,18.5,36,8,0.0
2017-10-03 09:00:00,18.9,36,6,0.0
2017-10-03 12:00:00,21.2,29,4,0.25
2017-10-03 15:00:00,18.8,46,3,0.5
2017-10-03 18:00:00,12.1,94,6,0.65
2017-10-03 21:00:00,11.8,85,2,0.8
2017-10-04 00:00:00,9.1,81,3,0.4
2017-10-04 03:00:00,8.3,72,3,0.0
2017-10-04 06:00:00,8.1,69,4,0.0
2017-10-04 09:00:00,15.0,44,6,0.0
2017-10-04 12:00:00,18.0,34,5,0.0
2017-10-04 15:00:00,19.5,26,1,0.0
2017-10-04 18:00:00,19.4,27,2,0.0
2017-10-04 21:00:00,14.0,50,2,0.0
2017-10-05 00:00:00,17.8,78,2,0.0
2017-10-05 03:00:00,17.6,72,3,0.0
2017-10-05 06:00:00,17.3,74,3,0.0
2017-10-05 09:00:00,22.9,59,0,0.0
2017-10-05 12:00:00,31.2,26,2,0.0
2017-10-05 15:00:00,33.5,19,7,0.0
2017-10-05 18:00:00,29.8,27,6,0.0
2017-10-05 21:00:00,22.2,65,0,0.0
2017-10-06 00:00:00,24.0,81,3,0.0
2017-10-06 03:00:00,22.7,91,2,0.0
2017-10-06 06:00:00,21.7,96,1,0.0
2017-10-06 09:00:00,25.8,65,2,0.0
2017-10-06 12:00:00,28.5,48,5,0.0
2017-10-06 15:00:00,29.4,49,7,0.0
2017-10-06 18:00:00,27.7,57,4,0.0
2017-10-06 21:00:00,24.5,76,3,0.0
2017-10-07 00:00:00,23.2,78,3,0.0
2017-10-07 03:00:00,21.9,82,4,0.0
2017-10-07 06:00:00,21.4,86,3,0.0
2017-10-07 09:00:00,28.9,70,0,0.0
2017-10-07 12:00:00,33.0,45,3,0.0
2017-10-07 15:00:00,35.3,46,5,0.0
2017-10-07 18:00:00,33.8,38,6,0.0
2017-10-07 21:00:00,27.9,76,3,0.0
2017-10-08 00:00:00,27.6,77,1,0.0
2017-10-08 03:00:00,25.6,82,3,0.0
2017-10-08 06:00:00,25.0,85,1,0.0
2017-10-08 09:00:00,29.1,72,0,0.0
2017-10-08 12:00:00,32.7,54,4,0.0
2017-10-08 15:00:00,34.2,52,7,0.0
2017-10-08 18:00:00,32.0,62,7,0.0
2017-10-08 21:00:00,28.5,75,3,0.0
2017-10-09 00:00:00,19.4,69,4,0.0
2017-10-09 03:00:00,17.9,77,2,0.0
2017-10-09 06:00:00,16.2,78,2,0.0
2017-10-09 09:00:00,26.6,51,1,0.0
2017-10-09 12:00:00,32.2,33,1,0.0
2017-10-09 15:00:00,35.1,27,5,0.0
2017-10-09 18:00:00,31.6,45,6,0.0
2017-10-09 21:00:00,26.1,73,2,0.0
2017-10-10 00:00:00,19.3,77,3,0.0
2017-10-10 03:00:00,17.4,84,2,0.0
2017-10-10 06:00:00,16.6,89,2,0.0
2017-10-10 09:00:00,21.0,71,2,0.0
2017-10-10 12:00:00,25.8,47,1,0.0
2017-10-10 15:00:00,27.3,37,3,0.0
2017-10-10 18:00:00,24.5,47,5,0.0
2017-10-10 21:00:00,20.5,64,1,0.0
2017-10-11 00:00:00,11.0,90,2,0.0
2017-10-11 03:00:00,10.4,84,0,0.0
2017-10-11 06:00:00,10.6,79,1,0.0
2017-10-11 09:00:00,13.6,62,2,0.0
2017-10-11 12:00:00,20.8,43,0,0.0
2017-10-11 15:00:00,22.5,49,3,0.0
2017-10-11 18:00:00,18.8,73,2,0.0
2017-10-11 21:00:00,15.4,88,2,0.0
2017-10-12 00:00:00,8.6,73,2,0.0
2017-10-12 03:00:00,8.5,71,2,0.0
2017-10-12 06:00:00,8.2,67,4,0.0
2017-10-12 09:00:00,9.5,62,3,0.0
2017-10-12 12:00:00,14.3,45,6,0.0
2017-10-12 15:00:00,16.0,46,4,0.0
2017-10-12 18:00:00,12.7,64,3,0.0
2017-10-12 21:00:00,8.3,79,4,0.0
2017-10-13 00:00:00,15.6,62,3,0.0
2017-10-13 03:00:00,14.2,51,2,0.0
2017-10-13 06:00:00,15.2,42,3,0.0
2017-10-13 09:00:00,22.3,27,3,0.0
2017-10-13 12:00:00,28.1,18,4,0.0
2017-10-13 15:00:00,30.4,17,4,0.0
2017-10-13 18:00:00,28.4,19,2,0.0
2017-10-13 21:00:00,17.0,45,2,0.0
2017-10-14 00:00:00,15.8,49,5,0.0
2017-10-14 03:00:00,14.2,55,2,0.0
2017-10-14 06:00:00,13.4,51,2,0.0
2017-10-14 09:00:00,22.0,27,2,0.0
2017-10-14 12:00:00,28.4,18,0,0.0
2017-10-14 15:00:00,29.0,22,3,0.0
2017-10-14 18:00:00,26.0,37,5,0.0
2017-10-14 21:00:00,21.3,47,1,0.0
2017-10-15 00:00:00,14.6,67,2,0.0
2017-10-15 03:00:00,14.4,76,1,0.0
2017-10-15 06:00:00,13.5,71,2,0.0
2017-10-15 09:00:00,23.8,26,6,0.0
2017-10-15 12:00:00,28.8,16,5,0.0
2017-10-15 15:00:00,29.4,15,3,0.0
2017-10-15 18:00:00,26.4,18,3,0.0
2017-10-15 21:00:00,21.0,27,2,0.0
2017-10-16 00:00:00,18.8,34,5,0.0
2017-10-16 03:00:00,18.6,36,5,0.0
2017-10-16 06:00:00,16.4,41,4,0.0
2017-10-16 09:00:00,23.2,29,3,0.0
2017-10-16 12:00:00,27.6,23,4,0.0
2017-10-16 15:00:00,30.2,20,5,0.0
2017-10-16 18:00:00,26.0,26,9,0.0
2017-10-16 21:00:00,23.2,32,7,0.0
2017-10-17 00:00:00,21.7,34,5,0.0
2017-10-17 03:00:00,20.4,38,5,0.0
2017-10-17 06:00:00,19.2,40,6,0.0
2017-10-17 09:00:00,22.8,20,5,0.0
2017-10-17 12:00:00,29.2,12,8,0.0
2017-10-17 15:00:00,31.4,12,2,0.0
2017-10-17 18:00:00,25.3,32,5,0.0
2017-10-17 21:00:00,18.4,64,4,0.0
2017-10-18 00:00:00,15.4,71,4,0.0
2017-10-18 03:00:00,15.2,45,2,0.0
2017-10-18 06:00:00,14.6,53,2,0.0
2017-10-18 09:00:00,20.8,30,0,0.0
2017-10-18 12:00:00,30.0,12,5,0.0
2017-10-18 15:00:00,31.6,9,3,0.0
2017-10-18 18:00:00,27.0,28,3,0.0
2017-10-18 21:00:00,19.0,49,2,0.0
2017-10-19 00:00:00,14.2,61,4,0.0
2017-10-19 03:00:00,15.7,47,3,0.0
2017-10-19 06:00:00,14.8,46,1,0.0
2017-10-19 09:00:00,19.6,39,1,0.0
2017-10-19 12:00:00,29.8,15,3,0.0
2017-10-19 15:00:00,31.4,14,1,0.0
2017-10-19 18:00:00,28.4,15,1,0.0
2017-10-19 21:00:00,17.2,38,3,0.0
2017-10-20 00:00:00,14.0,47,3,0.0
2017-10-20 03:00:00,15.3,39,2,0.0
2017-10-20 06:00:00,14.6,50,2,0.0
2017-10-20 09:00:00,21.0,35,2,0.0
2017-10-20 12:00:00,29.8,15,3,0.0
2017-10-20 15:00:00,31.8,10,2,0.0
2017-10-20 18:00:00,27.2,27,4,0.0
2017-10-20 21:00:00,20.0,43,2,0.0
2017-10-21 00:00:00,17.7,52,2,0.0
2017-10-21 03:00:00,13.6,66,2,0.0
2017-10-21 06:00:00,14.4,69,1,0.0
2017-10-21 09:00:00,22.0,36,4,0.0
2017-10-21 12:00:00,27.6,36,3,0.0
2017-10-21 15:00:00,30.3,31,4,0.0
2017-10-21 18:00:00,24.2,54,4,0.0
2017-10-21 21:00:00,20.0,76,2,0.0
2017-10-22 00:00:00,18.0,83,3,0.0
2017-10-22 03:00:00,17.4,82,3,0.0
2017-10-22 06:00:00,17.5,82,3,0.0
2017-10-22 09:00:00,20.3,66,3,0.0
2017-10-22 12:00:00,25.3,61,3,0.0
2017-10-22 15:00:00,28.2,44,5,0.0
2017-10-22 18:00:00,23.6,62,4,0.0
2017-10-22 21:00:00,19.9,78,0,0.0
2017-10-23 00:00:00,18.2,86,2,0.0
2017-10-23 03:00:00,16.9,89,2,0.0
2017-10-23 06:00:00,18.1,90,3,0.0
2017-10-23 09:00:00,21.2,70,2,0.0
2017-10-23 12:00:00,25.6,51,1,0.0
2017-10-23 15:00:00,28.6,32,2,0.0
2017-10-23 18:00:00,23.7,52,12,0.0
2017-10-23 21:00:00,19.5,76,2,0.0
2017-10-24 00:00:00,17.2,93,1,0.0
2017-10-24 03:00:00,17.0,81,1,0.0
2017-10-24 06:00:00,14.6,88,1,0.0
2017-10-24 09:00:00,18.8,68,2,0.0
2017-10-24 12:00:00,25.7,40,2,0.0
2017-10-24 15:00:00,28.4,35,3,0.0
2017-10-24 18:00:00,25.0,54,4,0.0
2017-10-24 21:00:00,19.3,78,2,0.0
2017-10-25 00:00:00,17.8,80,2,0.0
2017-10-25 03:00:00,17.6,88,2,0.0
2017-10-25 06:00:00,17.5,82,2,0.0
2017-10-25 09:00:00,19.7,73,1,0.0
2017-10-25 12:00:00,26.0,49,0,0.0
2017-10-25 15:00:00,26.6,50,4,0.0
2017-10-25 18:00:00,23.4,57,5,0.0
2017-10-25 21:00:00,20.0,80,2,0.0
2017-10-26 00:00:00,18.4,88,0,0.0
2017-10-26 03:00:00,19.3,82,1,0.0
2017-10-26 06:00:00,17.0,86,4,0.0
2017-10-26 09:00:00,22.2,64,4,0.0
2017-10-26 12:00:00,26.2,46,2,0.0
2017-10-26 15:00:00,27.2,37,5,0.0
2017-10-26 18:00:00,23.8,51,2,0.0
2017-10-26 21:00:00,18.4,63,3,0.0
2017-10-27 00:00:00,16.0,74,5,0.0
2017-10-27 03:00:00,15.4,76,3,0.0
2017-10-27 06:00:00,15.1,69,1,0.0
2017-10-27 09:00:00,21.2,52,2,0.0
2017-10-27 12:00:00,26.2,28,2,0.0
2017-10-27 15:00:00,29.0,22,2,0.0
2017-10-27 18:00:00,25.4,31,3,0.0
2017-10-27 21:00:00,17.2,56,3,0.0
2017-10-28 00:00:00,16.0,61,3,0.0
2017-10-28 03:00:00,15.6,60,2,0.0
2017-10-28 06:00:00,15.6,68,1,0.0
2017-10-28 09:00:00,23.0,39,4,0.0
2017-10-28 12:00:00,27.8,30,2,0.0
2017-10-28 15:00:00,27.4,33,8,0.0
2017-10-28 18:00:00,23.8,60,5,0.005
2017-10-28 21:00:00,19.0,71,3,0.01
2017-10-29 00:00:00,18.2,78,4,2.005
2017-10-29 03:00:00,17.2,85,4,4.0
2017-10-29 06:00:00,17.0,97,4,4.0
2017-10-29 09:00:00,18.3,90,3,4.0
2017-10-29 12:00:00,21.1,74,0,3.0
2017-10-29 15:00:00,23.2,63,4,2.0
2017-10-29 18:00:00,16.4,95,3,12.0
2017-10-29 21:00:00,17.4,96,3,22.0
2017-10-30 00:00:00,16.0,95,3,20.0
2017-10-30 03:00:00,15.6,96,3,18.0
2017-10-30 06:00:00,15.8,93,2,18.0
2017-10-30 09:00:00,17.5,85,2,18.0
2017-10-30 12:00:00,22.0,54,7,9.0
2017-10-30 15:00:00,23.2,48,5,0.0
2017-10-30 18:00:00,21.2,71,4,0.3
2017-10-30 21:00:00,18.1,84,3,0.6
2017-10-31 00:00:00,16.6,86,5,0.3
2017-10-31 03:00:00,16.6,82,5,0.0
2017-10-31 06:00:00,14.6,85,2,0.0
2017-10-31 09:00:00,18.0,57,3,0.0
2017-10-31 12:00:00,22.7,42,2,0.0
2017-10-31 15:00:00,24.3,36,1,0.0
2017-10-31 18:00:00,21.0,60,2,0.0
2017-10-31 21:00:00,14.5,94,2,0.0
2017-11-01 00:00:00,8.3,64,4,0.0
2017-11-01 03:00:00,8.2,67,5,0.0
2017-11-01 06:00:00,6.9,88,3,1.5
2017-11-01 09:00:00,7.7,82,3,3.0
2017-11-01 12:00:00,11.6,59,5,1.8
2017-11-01 15:00:00,13.3,55,2,0.6
2017-11-01 18:00:00,10.6,70,3,0.6
2017-11-01 21:00:00,6.6,80,1,0.6
2017-11-02 00:00:00,7.9,75,2,0.3
2017-11-02 03:00:00,7.2,74,2,0.0
2017-11-02 06:00:00,5.8,84,2,0.0
2017-11-02 09:00:00,8.6,41,2,0.0
2017-11-02 12:00:00,18.1,27,4,0.0
2017-11-02 15:00:00,19.7,25,2,0.0
2017-11-02 18:00:00,18.2,33,3,0.0
2017-11-02 21:00:00,13.2,46,4,0.0
2017-11-03 00:00:00,13.9,68,2,0.25
2017-11-03 03:00:00,14.2,72,2,0.5
2017-11-03 06:00:00,13.1,82,2,0.75
2017-11-03 09:00:00,13.7,83,3,1.0
2017-11-03 12:00:00,13.7,91,2,8.5
2017-11-03 15:00:00,13.9,87,5,16.0
2017-11-03 18:00:00,13.9,87,2,17.5
2017-11-03 21:00:00,13.1,94,5,19.0
2017-11-04 00:00:00,9.2,70,2,9.5
2017-11-04 03:00:00,10.1,56,6,0.0
2017-11-04 06:00:00,9.2,57,5,0.0
2017-11-04 09:00:00,16.0,37,4,0.0
2017-11-04 12:00:00,19.8,27,6,0.0
2017-11-04 15:00:00,22.4,24,6,0.0
2017-11-04 18:00:00,21.3,27,5,0.0
2017-11-04 21:00:00,13.7,51,4,0.0
2017-11-05 00:00:00,19.4,85,3,0.0
2017-11-05 03:00:00,16.8,97,2,0.0
2017-11-05 06:00:00,17.2,99,3,0.0
2017-11-05 09:00:00,21.6,69,3,0.0
2017-11-05 12:00:00,24.2,54,6,0.0
2017-11-05 15:00:00,25.5,55,5,0.0
2017-11-05 18:00:00,23.8,61,4,0.0
2017-11-05 21:00:00,19.9,79,2,0.0
2017-11-06 00:00:00,23.0,84,1,0.0
2017-11-06 03:00:00,22.6,86,1,0.0
2017-11-06 06:00:00,22.4,85,1,0.0
2017-11-06 09:00:00,25.5,70,2,0.0
2017-11-06 12:00:00,28.7,52,3,0.0
2017-11-06 15:00:00,29.9,52,5,0.0
2017-11-06 18:00:00,27.9,59,6,0.0
2017-11-06 21:00:00,23.8,78,2,0.0
2017-11-07 00:00:00,26.7,85,2,0.0
2017-11-07 03:00:00,23.5,89,4,0.0
2017-11-07 06:00:00,23.4,94,3,0.0
2017-11-07 09:00:00,28.8,69,2,0.0
2017-11-07 12:00:00,33.5,46,3,0.0
2017-11-07 15:00:00,36.1,38,6,0.0
2017-11-07 18:00:00,34.3,40,7,0.0
2017-11-07 21:00:00,28.1,75,2,0.0
2017-11-08 00:00:00,27.8,80,2,0.0
2017-11-08 03:00:00,27.5,81,2,0.0
2017-11-08 06:00:00,26.7,83,1,0.0
2017-11-08 09:00:00,29.4,68,2,0.0
2017-11-08 12:00:00,32.1,53,5,0.0
2017-11-08 15:00:00,34.2,50,5,0.0
2017-11-08 18:00:00,32.8,35,5,0.0
2017-11-08 21:00:00,28.4,67,2,0.0
2017-11-09 00:00:00,22.1,82,3,0.0
2017-11-09 03:00:00,20.7,89,3,0.0
2017-11-09 06:00:00,19.9,93,2,0.0
2017-11-09 09:00:00,26.1,74,0,0.0
2017-11-09 12:00:00,31.7,50,4,0.0
2017-11-09 15:00:00,35.1,44,5,0.0
2017-11-09 18:00:00,32.1,47,5,0.0
2017-11-09 21:00:00,26.3,75,1,0.0
2017-11-10 00:00:00,17.4,79,1,0.0
2017-11-10 03:00:00,17.0,81,4,0.0
2017-11-10 06:00:00,15.4,82,2,0.0
2017-11-10 09:00:00,21.5,43,4,0.0
2017-11-10 12:00:00,27.2,25,4,0.0
2017-11-10 15:00:00,20.2,60,3,0.0
2017-11-10 18:00:00,26.1,32,4,0.0
2017-11-10 21:00:00,21.0,55,1,0.0
2017-11-11 00:00:00,14.2,87,3,0.0
2017-11-11 03:00:00,12.4,87,3,0.0
2017-11-11 06:00:00,12.4,87,2,0.0
2017-11-11 09:00:00,15.9,70,2,0.0
2017-11-11 12:00:00,21.2,53,3,0.0
2017-11-11 15:00:00,22.4,53,3,0.0
2017-11-11 18:00:00,18.4,69,3,0.0
2017-11-11 21:00:00,16.2,81,1,0.0
2017-11-12 00:00:00,7.6,74,2,0.0
2017-11-12 03:00:00,7.2,82,3,0.0
2017-11-12 06:00:00,6.6,76,2,0.0
2017-11-12 09:00:00,8.0,74,0,0.0
2017-11-12 12:00:00,15.9,45,3,0.0
2017-11-12 15:00:00,18.2,43,2,0.0
2017-11-12 18:00:00,14.2,58,0,0.0
2017-11-12 21:00:00,7.8,82,2,0.0
2017-11-13 00:00:00,12.6,74,1,0.0
2017-11-13 03:00:00,12.4,72,2,0.0
2017-11-13 06:00:00,13.8,63,2,0.0
2017-11-13 09:00:00,18.2,47,6,0.0
2017-11-13 12:00:00,23.8,32,8,0.0
2017-11-13 15:00:00,25.2,31,6,0.0
2017-11-13 18:00:00,21.4,41,5,0.0
2017-11-13 21:00:00,19.0,43,6,0.0
2017-11-14 00:00:00,20.0,36,7,0.0
2017-11-14 03:00:00,19.6,38,6,0.0
2017-11-14 06:00:00,17.3,49,4,0.0
2017-11-14 09:00:00,17.8,50,3,0.0
2017-11-14 12:00:00,19.1,74,2,0.05
2017-11-14 15:00:00,22.3,59,4,0.1
2017-11-14 18:00:00,19.5,68,2,0.1
2017-11-14 21:00:00,17.0,75,2,0.1
2017-11-15 00:00:00,15.8,81,2,0.05
2017-11-15 03:00:00,14.2,88,2,0.0
2017-11-15 06:00:00,13.0,90,2,0.0
2017-11-15 09:00:00,16.8,76,2,0.0
2017-11-15 12:00:00,22.3,56,2,0.0
2017-11-15 15:00:00,23.7,49,1,0.0
2017-11-15 18:00:00,21.4,56,1,0.0
2017-11-15 21:00:00,14.3,83,3,0.0
2017-11-16 00:00:00,13.5,84,2,0.0
2017-11-16 03:00:00,12.0,85,4,0.0
2017-11-16 06:00:00,12.4,88,1,0.0
2017-11-16 09:00:00,14.1,86,0,0.0
2017-11-16 12:00:00,23.0,40,0,0.0
2017-11-16 15:00:00,24.8,31,0,0.0
2017-11-16 18:00:00,21.1,48,0,0.0
2017-11-16 21:00:00,13.2,78,4,0.0
2017-11-17 00:00:00,11.4,81,2,0.0
2017-11-17 03:00:00,12.8,71,3,0.0
2017-11-17 06:00:00,12.4,72,1,0.0
2017-11-17 09:00:00,14.2,69,2,0.0
2017-11-17 12:00:00,25.3,29,4,0.0
2017-11-17 15:00:00,27.2,21,3,0.0
2017-11-17 18:00:00,21.0,38,2,0.0
2017-11-17 21:00:00,12.3,65,3,0.0
2017-11-18 00:00:00,12.1,66,2,0.0
2017-11-18 03:00:00,13.4,65,2,0.0
2017-11-18 06:00:00,14.6,55,2,0.0
2017-11-18 09:00:00,18.8,39,5,0.0
2017-11-18 12:00:00,23.6,29,8,0.0
2017-11-18 15:00:00,26.4,26,7,0.0
2017-11-18 18:00:00,20.4,38,5,0.0
2017-11-18 21:00:00,19.8,35,6,0.0
2017-11-19 00:00:00,20.2,32,7,0.0
2017-11-19 03:00:00,20.6,32,8,0.0
2017-11-19 06:00:00,20.0,34,7,0.0
2017-11-19 09:00:00,19.7,38,5,0.0
2017-11-19 12:00:00,23.6,32,2,0.0
2017-11-19 15:00:00,24.4,33,2,0.0
2017-11-19 18:00:00,21.6,49,3,0.5
2017-11-19 21:00:00,15.4,82,5,1.0
2017-11-20 00:00:00,15.0,77,5,3.0
2017-11-20 03:00:00,14.0,87,4,5.0
2017-11-20 06:00:00,13.5,90,2,7.5
2017-11-20 09:00:00,14.0,87,2,10.0
2017-11-20 12:00:00,17.2,72,3,10.0
2017-11-20 15:00:00,14.2,93,3,10.0
2017-11-20 18:00:00,14.2,88,4,11.0
2017-11-20 21:00:00,13.9,91,3,12.0
2017-11-21 00:00:00,13.2,94,2,6.5
2017-11-21 03:00:00,12.9,94,4,1.0
2017-11-21 06:00:00,13.7,88,3,4.5
2017-11-21 09:00:00,16.0,56,7,8.0
2017-11-21 12:00:00,18.2,45,4,4.0
2017-11-21 15:00:00,17.2,35,9,0.0
2017-11-21 18:00:00,14.2,39,7,0.0
2017-11-21 21:00:00,11.4,48,3,0.0
2017-11-22 00:00:00,9.2,65,5,0.0
2017-11-22 03:00:00,7.3,66,2,0.0
2017-11-22 06:00:00,8.9,55,4,0.0
2017-11-22 09:00:00,10.0,49,3,0.0
2017-11-22 12:00:00,14.8,26,5,0.0
2017-11-22 15:00:00,15.4,34,5,0.0
2017-11-22 18:00:00,10.4,48,5,0.0
2017-11-22 21:00:00,6.7,54,4,0.0
2017-11-23 00:00:00,6.8,49,5,0.0
2017-11-23 03:00:00,4.3,60,4,0.0
2017-11-23 06:00:00,5.4,58,3,0.0
2017-11-23 09:00:00,8.2,69,1,0.0
2017-11-23 12:00:00,11.2,43,2,0.0
2017-11-23 15:00:00,14.2,40,2,0.0
2017-11-23 18:00:00,12.4,48,2,0.0
2017-11-23 21:00:00,7.0,75,3,0.0
2017-11-24 00:00:00,5.2,76,2,0.0
2017-11-24 03:00:00,4.7,84,3,0.0
2017-11-24 06:00:00,4.6,73,2,0.0
2017-11-24 09:00:00,7.6,71,2,0.0
2017-11-24 12:00:00,16.2,50,1,0.0
2017-11-24 15:00:00,18.2,43,2,0.0
2017-11-24 18:00:00,15.3,54,1,0.0
2017-11-24 21:00:00,8.6,84,3,0.0
2017-11-25 00:00:00,8.2,82,2,0.0
2017-11-25 03:00:00,7.1,83,2,0.0
2017-11-25 06:00:00,6.5,72,3,0.0
2017-11-25 09:00:00,10.8,58,0,0.0
2017-11-25 12:00:00,17.2,39,8,0.0
2017-11-25 15:00:00,17.0,42,5,0.0
2017-11-25 18:00:00,12.4,64,4,0.0
2017-11-25 21:00:00,13.0,52,6,0.0
2017-11-26 00:00:00,11.8,49,6,0.0
2017-11-26 03:00:00,12.3,46,5,0.0
2017-11-26 06:00:00,12.4,45,5,0.0
2017-11-26 09:00:00,13.7,45,5,0.0
2017-11-26 12:00:00,17.8,37,9,0.0
2017-11-26 15:00:00,20.2,32,7,0.0
2017-11-26 18:00:00,13.3,54,4,0.0
2017-11-26 21:00:00,12.4,53,5,0.0
2017-11-27 00:00:00,12.4,50,5,0.0
2017-11-27 03:00:00,11.0,56,4,0.0
2017-11-27 06:00:00,10.3,59,0,0.0
2017-11-27 09:00:00,10.6,70,2,0.0
2017-11-27 12:00:00,18.4,39,5,0.0
2017-11-27 15:00:00,19.8,37,1,0.0
2017-11-27 18:00:00,17.2,51,0,0.0
2017-11-27 21:00:00,12.3,70,2,0.0
2017-11-28 00:00:00,11.5,69,2,0.2
2017-11-28 03:00:00,12.6,71,3,0.4
2017-11-28 06:00:00,11.6,86,3,1.2
2017-11-28 09:00:00,12.7,86,5,2.0
2017-11-28 12:00:00,15.3,68,4,6.0
2017-11-28 15:00:00,13.3,96,4,10.0
2017-11-28 18:00:00,13.0,94,3,25.0
2017-11-28 21:00:00,13.4,98,4,40.0
2017-11-29 00:00:00,13.0,98,3,30.0
2017-11-29 03:00:00,12.3,98,5,20.0
2017-11-29 06:00:00,12.1,93,5,22.0
2017-11-29 09:00:00,12.1,87,5,24.0
2017-11-29 12:00:00,15.7,80,2,12.05
2017-11-29 15:00:00,17.2,72,0,0.1
2017-11-29 18:00:00,15.4,81,3,0.1
2017-11-29 21:00:00,13.0,94,2,0.1
2017-11-30 00:00:00,10.3,97,3,0.05
2017-11-30 03:00:00,10.6,97,2,0.0
2017-11-30 06:00:00,10.6,91,2,0.0
2017-11-30 09:00:00,10.3,97,2,0.0
2017-11-30 12:00:00,18.1,43,4,0.0
2017-11-30 15:00:00,18.3,60,2,0.0
2017-11-30 18:00:00,16.4,73,2,0.0
2017-11-30 21:00:00,12.0,91,2,0.0
2017-12-01 00:00:00,5.2,83,1,0.0
2017-12-01 03:00:00,3.8,88,2,0.0
2017-12-01 06:00:00,3.4,88,2,0.0
2017-12-01 09:00:00,3.4,84,1,0.0
2017-12-01 12:00:00,12.8,48,4,0.0
2017-12-01 15:00:00,14.7,41,1,0.0
2017-12-01 18:00:00,11.9,56,2,0.0
2017-12-01 21:00:00,8.8,81,0,0.0
2017-12-02 00:00:00,12.7,39,3,0.0
2017-12-02 03:00:00,12.6,40,4,0.0
2017-12-02 06:00:00,11.5,41,5,0.0
2017-12-02 09:00:00,11.1,43,4,0.0
2017-12-02 12:00:00,17.4,27,8,0.0
2017-12-02 15:00:00,18.8,22,5,0.0
2017-12-02 18:00:00,14.6,45,6,0.0
2017-12-02 21:00:00,12.1,29,7,0.0
2017-12-03 00:00:00,12.2,97,2,10.0
2017-12-03 03:00:00,10.0,97,3,20.0
2017-12-03 06:00:00,10.9,100,5,22.5
2017-12-03 09:00:00,12.6,83,6,25.0
2017-12-03 12:00:00,16.1,63,5,14.5
2017-12-03 15:00:00,13.5,98,5,4.0
2017-12-03 18:00:00,13.6,94,4,5.5
2017-12-03 21:00:00,12.5,86,6,7.0
2017-12-04 00:00:00,14.9,37,4,3.5
2017-12-04 03:00:00,14.2,38,5,0.0
2017-12-04 06:00:00,17.0,29,7,0.0
2017-12-04 09:00:00,18.7,29,8,0.0
2017-12-04 12:00:00,19.4,37,5,0.1
2017-12-04 15:00:00,21.7,32,9,0.2
2017-12-04 18:00:00,19.9,40,6,0.25
2017-12-04 21:00:00,17.5,50,5,0.3
2017-12-05 00:00:00,17.6,87,2,0.15
2017-12-05 03:00:00,15.4,99,3,0.0
2017-12-05 06:00:00,14.9,100,2,0.0
2017-12-05 09:00:00,21.1,72,2,0.0
2017-12-05 12:00:00,26.9,44,3,0.0
2017-12-05 15:00:00,29.6,33,5,0.0
2017-12-05 18:00:00,26.7,37,8,0.0
2017-12-05 21:00:00,21.6,52,2,0.0
2017-12-06 00:00:00,22.4,87,0,0.0
2017-12-06 03:00:00,20.5,91,1,0.0
2017-12-06 06:00:00,19.0,96,2,0.0
2017-12-06 09:00:00,26.0,69,2,0.0
2017-12-06 12:00:00,29.8,51,2,0.0
2017-12-06 15:00:00,31.4,51,4,0.0
2017-12-06 18:00:00,30.0,48,7,0.0
2017-12-06 21:00:00,25.0,72,3,0.0
2017-12-07 00:00:00,26.9,85,2,0.0
2017-12-07 03:00:00,24.0,91,3,0.0
2017-12-07 06:00:00,22.9,92,3,0.0
2017-12-07 09:00:00,28.9,69,2,0.0
2017-12-07 12:00:00,32.9,52,3,0.0
2017-12-07 15:00:00,35.7,17,7,0.0
2017-12-07 18:00:00,34.5,38,5,0.0
2017-12-07 21:00:00,28.1,74,2,0.0
2017-12-08 00:00:00,27.1,79,2,0.0
2017-12-08 03:00:00,27.0,82,2,0.0
2017-12-08 06:00:00,26.8,84,1,0.0
2017-12-08 09:00:00,29.6,70,2,0.0
2017-12-08 12:00:00,33.5,55,2,0.0
2017-12-08 15:00:00,34.5,53,6,0.0
2017-12-08 18:00:00,32.5,53,6,0.0
2017-12-08 21:00:00,28.4,72,3,0.0
2017-12-09 00:00:00,22.8,84,2,0.0
2017-12-09 03:00:00,21.6,88,3,0.0
2017-12-09 06:00:00,21.2,91,2,0.0
2017-12-09 09:00:00,26.7,76,1,0.0
2017-12-09 12:00:00,31.9,54,3,0.0
2017-12-09 15:00:00,34.6,47,5,0.0
2017-12-09 18:00:00,31.1,60,5,0.0
2017-12-09 21:00:00,26.8,75,3,0.0
2017-12-10 00:00:00,15.9,71,4,0.0
2017-12-10 03:00:00,14.7,59,2,0.0
2017-12-10 06:00:00,15.8,47,3,0.0
2017-12-10 09:00:00,22.2,33,5,0.0
2017-12-10 12:00:00,27.2,20,3,0.0
2017-12-10 15:00:00,28.2,19,4,0.0
2017-12-10 18:00:00,27.4,24,5,0.0
2017-12-10 21:00:00,20.4,46,1,0.0
2017-12-11 00:00:00,14.1,93,2,0.0
2017-12-11 03:00:00,12.8,94,3,0.0
2017-12-11 06:00:00,11.5,88,0,0.0
2017-12-11 09:00:00,14.0,86,2,0.0
2017-12-11 12:00:00,21.2,52,4,0.0
2017-12-11 15:00:00,22.8,39,2,0.0
2017-12-11 18:00:00,19.3,51,2,0.0
2017-12-11 21:00:00,13.2,78,2,0.0
2017-12-12 00:00:00,6.8,83,3,0.0
2017-12-12 03:00:00,5.4,82,0,0.0
2017-12-12 06:00:00,7.2,74,2,0.0
2017-12-12 09:00:00,8.9,77,3,0.0
2017-12-12 12:00:00,18.9,32,5,0.0
2017-12-12 15:00:00,21.7,28,4,0.0
2017-12-12 18:00:00,16.3,47,2,0.0
2017-12-12 21:00:00,8.2,78,4,0.0
2017-12-13 00:00:00,7.8,75,2,0.0
2017-12-13 03:00:00,7.4,75,2,0.0
2017-12-13 06:00:00,6.6,75,2,0.0
2017-12-13 09:00:00,9.2,71,3,0.0
2017-12-13 12:00:00,18.5,45,2,0.0
2017-12-13 15:00:00,21.6,26,1,0.0
2017-12-13 18:00:00,16.2,55,2,0.0
2017-12-13 21:00:00,8.6,79,2,0.0
2017-12-14 00:00:00,7.2,84,2,0.0
2017-12-14 03:00:00,7.5,82,1,0.0
2017-12-14 06:00:00,6.6,81,2,0.0
2017-12-14 09:00:00,9.0,76,2,0.0
2017-12-14 12:00:00,16.6,50,0,0.0
2017-12-14 15:00:00,19.0,58,2,0.0
2017-12-14 18:00:00,15.0,68,4,0.0
2017-12-14 21:00:00,13.5,70,2,0.0
2017-12-15 00:00:00,11.5,75,2,0.0
2017-12-15 03:00:00,10.0,82,2,0.0
2017-12-15 06:00:00,9.0,84,3,0.0
2017-12-15 09:00:00,9.0,64,2,0.0
2017-12-15 12:00:00,18.0,54,2,0.0
2017-12-15 15:00:00,20.3,53,2,0.0
2017-12-15 18:00:00,16.4,69,1,0.0
2017-12-15 21:00:00,12.8,84,2,0.0
2017-12-16 00:00:00,11.5,89,2,0.0
2017-12-16 03:00:00,9.2,88,4,0.0
2017-12-16 06:00:00,9.2,92,1,0.0
2017-12-16 09:00:00,11.0,93,0,0.0
2017-12-16 12:00:00,16.4,68,1,0.05
2017-12-16 15:00:00,16.3,69,2,0.1
2017-12-16 18:00:00,14.8,71,2,0.1
2017-12-16 21:00:00,13.6,82,2,0.1
2017-12-17 00:00:00,11.4,90,1,0.05
2017-12-17 03:00:00,11.8,92,4,0.0
2017-12-17 06:00:00,12.4,92,0,0.0
2017-12-17 09:00:00,13.4,86,3,0.0
2017-12-17 12:00:00,17.0,69,1,0.005
2017-12-17 15:00:00,16.8,74,2,0.01
2017-12-17 18:00:00,16.4,72,1,0.055
2017-12-17 21:00:00,14.3,77,2,0.1
2017-12-18 00:00:00,13.6,79,2,0.05
2017-12-18 03:00:00,11.6,81,3,0.0
2017-12-18 06:00:00,11.3,79,1,0.0
2017-12-18 09:00:00,10.2,88,1,0.0
2017-12-18 12:00:00,19.0,52,4,0.0
2017-12-18 15:00:00,20.0,46,2,0.0
2017-12-18 18:00:00,16.0,65,0,0.0
2017-12-18 21:00:00,12.0,83,3,0.0
2017-12-19 00:00:00,12.0,78,2,0.0
2017-12-19 03:00:00,11.6,78,2,0.0
2017-12-19 06:00:00,12.2,76,1,0.0
2017-12-19 09:00:00,13.2,71,2,0.0
2017-12-19 12:00:00,14.2,74,4,1.0
2017-12-19 15:00:00,13.8,79,4,2.0
2017-12-19 18:00:00,13.2,79,3,2.0
2017-12-19 21:00:00,13.8,75,3,2.0
2017-12-20 00:00:00,13.0,82,2,2.0
2017-12-20 03:00:00,13.2,86,4,2.0
2017-12-20 06:00:00,12.7,88,4,2.0
2017-12-20 09:00:00,14.4,71,0,2.0
2017-12-20 12:00:00,19.2,56,4,1.0
2017-12-20 15:00:00,19.4,53,4,0.0
2017-12-20 18:00:00,15.1,64,5,0.0
2017-12-20 21:00:00,14.3,67,5,0.0
2017-12-21 00:00:00,13.2,68,2,0.0
2017-12-21 03:00:00,11.2,79,3,0.0
2017-12-21 06:00:00,10.4,80,1,0.0
2017-12-21 09:00:00,10.4,78,2,0.0
2017-12-21 12:00:00,18.0,60,2,0.0
2017-12-21 15:00:00,20.1,45,4,0.0
2017-12-21 18:00:00,16.2,64,2,0.0
2017-12-21 21:00:00,11.3,79,2,0.0
2017-12-22 00:00:00,11.3,72,2,0.0
2017-12-22 03:00:00,11.3,72,2,0.0
2017-12-22 06:00:00,13.4,69,3,0.0
2017-12-22 09:00:00,15.4,58,5,0.0
2017-12-22 12:00:00,18.4,53,2,0.0
2017-12-22 15:00:00,17.0,62,4,0.0
2017-12-22 18:00:00,16.3,63,3,0.0
2017-12-22 21:00:00,15.6,64,2,0.0
2017-12-23 00:00:00,15.5,65,5,0.005
2017-12-23 03:00:00,15.7,67,2,0.01
2017-12-23 06:00:00,16.0,65,4,0.005
2017-12-23 09:00:00,15.8,65,4,0.0
2017-12-23 12:00:00,16.8,59,3,0.005
2017-12-23 15:00:00,16.0,68,6,0.01
2017-12-23 18:00:00,15.0,72,0,0.01
2017-12-23 21:00:00,14.2,83,2,0.01
2017-12-24 00:00:00,15.7,84,4,1.505
2017-12-24 03:00:00,16.2,81,4,3.0
2017-12-24 06:00:00,14.2,98,2,1.5
2017-12-24 09:00:00,12.2,97,3,0.0
2017-12-24 12:00:00,16.4,67,2,0.0
2017-12-24 15:00:00,16.8,63,8,0.0
2017-12-24 18:00:00,14.1,70,4,0.0
2017-12-24 21:00:00,10.0,82,2,0.0
2017-12-25 00:00:00,10.8,83,3,0.0
2017-12-25 03:00:00,9.4,88,3,0.0
2017-12-25 06:00:00,9.2,87,2,0.0
2017-12-25 09:00:00,8.0,97,3,0.0
2017-12-25 12:00:00,14.7,53,2,0.0
2017-12-25 15:00:00,17.8,42,2,0.0
2017-12-25 18:00:00,13.7,66,3,0.0
2017-12-25 21:00:00,9.2,80,2,0.0
2017-12-26 00:00:00,7.1,95,4,0.0
2017-12-26 03:00:00,7.4,82,4,0.0
2017-12-26 06:00:00,6.2,77,2,0.0
2017-12-26 09:00:00,8.0,70,5,0.0
2017-12-26 12:00:00,15.3,54,4,0.0
2017-12-26 15:00:00,17.2,51,0,0.0
2017-12-26 18:00:00,14.4,61,0,0.0
2017-12-26 21:00:00,7.7,83,2,0.0
2017-12-27 00:00:00,6.6,85,2,0.0
2017-12-27 03:00:00,5.3,87,1,0.0
2017-12-27 06:00:00,4.8,84,2,0.0
2017-12-27 09:00:00,5.4,81,0,0.0
2017-12-27 12:00:00,15.8,47,2,0.0
2017-12-27 15:00:00,19.6,36,4,0.0
2017-12-27 18:00:00,15.2,50,3,0.0
2017-12-27 21:00:00,11.2,59,1,0.0
2017-12-28 00:00:00,8.6,72,2,0.0
2017-12-28 03:00:00,9.6,56,6,0.0
2017-12-28 06:00:00,10.6,51,5,0.0
2017-12-28 09:00:00,14.2,42,6,0.0
2017-12-28 12:00:00,16.9,40,7,0.0
2017-12-28 15:00:00,19.0,39,4,0.0
2017-12-28 18:00:00,14.4,65,3,0.0
2017-12-28 21:00:00,12.0,73,3,0.0
2017-12-29 00:00:00,12.6,56,4,0.0
2017-12-29 03:00:00,10.6,60,3,0.0
2017-12-29 06:00:00,11.6,49,2,0.0
2017-12-29 09:00:00,12.4,48,3,0.0
2017-12-29 12:00:00,17.6,34,7,0.0
2017-12-29 15:00:00,20.6,35,4,0.0
2017-12-29 18:00:00,16.3,55,2,0.0
2017-12-29 21:00:00,10.6,73,2,0.0
2017-12-30 00:00:00,11.0,70,2,0.0
2017-12-30 03:00:00,11.3,65,1,0.0
2017-12-30 06:00:00,9.3,74,1,0.0
2017-12-30 09:00:00,10.8,83,2,0.0
2017-12-30 12:00:00,12.8,69,2,7.0
2017-12-30 15:00:00,11.8,93,2,14.0
2017-12-30 18:00:00,12.2,88,4,14.0
2017-12-30 21:00:00,10.4,97,3,14.0
2017-12-31 00:00:00,9.7,97,4,7.0
2017-12-31 03:00:00,10.6,97,2,0.0
2017-12-31 06:00:00,11.2,96,4,9.5
2017-12-31 09:00:00,11.4,97,5,19.0
2017-12-31 12:00:00,11.8,92,5,13.0
2017-12-31 15:00:00,13.2,81,4,7.0
2017-12-31 18:00:00,10.4,88,0,11.0
2017-12-31 21:00:00,9.9,94,2,15.0
